<annotation>
	<folder>Positive</folder>
	<filename>05084.jpg</filename>
	<path>C:/Users/Sim Eun-Ji/Downloads/Positive/05084.jpg</path>
	<source>
		<database>Unknown</database>
	</source>
	<size>
		<width>300</width>
		<height>300</height>
		<depth>3</depth>
	</size>
	<segmented>0</segmented>
	<object>
		<name>crack</name>
		<pose>Unspecified</pose>
		<truncated>1</truncated>
		<difficult>0</difficult>
		<bndbox>
			<xmin>1</xmin>
			<ymin>101</ymin>
			<xmax>300</xmax>
			<ymax>218</ymax>
		</bndbox>
	</object>
</annotation>
