<?xml version="1.0" encoding="utf-8"?>
<Parks>
  <Park>
    <Name>Grand Canyon</Name>
    <Type>Recreational</Type>
    <Owner>Federal Goverment</Owner>
    <Reservation>
      <Address>
      20 South Entrance Road Grand Canyon, AZ 86023
      </Address>
      <URL>
      www.nps.gov/grca
      </URL>
    </Reservation>
    <NeighboringStates>Grand Canyon</NeighboringStates>
    <Establishedn>
      1919
      <Founder>
      Roosevelt
      </Founder>
    </Establishedn>
  </Park>
  <Park>
    <Name>Yellowstone</Name>
    <Type>Recreational</Type>
    <Owner>Federal Goverment</Owner>
    <Reservation>
      <Address>
      2 Officers Row Yellowstone National Park Headquarters Yellowstone National Park, WY 82190
      </Address>
      <URL>
      www.nps.gov/yell
      </URL>
    </Reservation>
    <NeighboringStates>Grand Canyon</NeighboringStates>
    <Establishedn>
      1928
      <Founder>
      Nathaniel P. Langford
      </Founder>
    </Establishedn>
  </Park>
  <Park>
    <Name>Everglades</Name>
    <Type>Recreational</Type>
    <Owner>Federal Goverment</Owner>
    <Reservation>
      <Address>
      40001 State Road 9336, Homestead, FL 33034
      </Address>
      <URL>
      www.nps.gov/ever
      </URL>
    </Reservation>
    <NeighboringStates>Grand Canyon</NeighboringStates>
    <Establishedn>
      1947
      <Founder>
      Ernest F. Coe
      </Founder>
    </Establishedn>
  </Park>
  <Park>
    <Name>Zion</Name>
    <Type>Recreational</Type>
    <Owner>Federal Goverment</Owner>
    <Reservation>
      <Address>
      Zion National Park 1 Zion Park Blvd. Springdale, UT 84767
      </Address>
      <URL>
      www.nps.gov/zion
      </URL>
    </Reservation>
    <NeighboringStates>Grand Canyon</NeighboringStates>
    <Establishedn>
      1861
      <Founder>
      John Wesley Powell 
      </Founder>
    </Establishedn>
  </Park>
  <Park>
    <Name>Acadia</Name>
    <Type>Recreational</Type>
    <Owner>Federal Goverment</Owner>
    <Reservation>
      <Address>
      Acadia National Park Hulls Cove Visitor Center 25 Visitor Center Road Bar Harbor, ME 04609
      </Address>
      <URL>
      www.nps.gov/acad
      </URL>
    </Reservation>
    <NeighboringStates>Grand Canyon</NeighboringStates>
    <Establishedn>
      1916
      <Founder>
      Ardra Tarbell
      </Founder>
    </Establishedn>
  </Park>
  <Park>
    <Name>Yosemite</Name>
    <Type>Recreational</Type>
    <Owner>Federal Goverment</Owner>
    <Reservation>
      <Address>
      Hwy 140 Yosemite National Park, CA 95389 
      </Address>
      <URL>
      www.nps.gov/yose
      </URL>
    </Reservation>
    <NeighboringStates>Grand Canyon</NeighboringStates>
    <Establishedn>
      1890
      <Founder>
      John Muir
      </Founder>
    </Establishedn>
  </Park>
  <Park>
    <Name>Great Smoky Mountains</Name>
    <Type>Recreational</Type>
    <Owner>Federal Goverment</Owner>
    <Reservation>
      <Address>
      107 Park Headquarters Road Gatlinburg, TN 37738
      </Address>
      <URL>
      www.nps.gov/grsm
      </URL>
    </Reservation>
    <NeighboringStates>Grand Canyon</NeighboringStates>
    <Establishedn>
      1924
      <Founder>
      David Chapman
      </Founder>
    </Establishedn>
  </Park>
  <Park>
    <Name>Rocky Mountain</Name>
    <Type>Recreational</Type>
    <Owner>Federal Goverment</Owner>
    <Reservation>
      <Address>
      1000 US Hwy 36. Estes Park, CO 80517
      </Address>
      <URL>
      www.nps.gov/romo
      </URL>
    </Reservation>
    <NeighboringStates>Grand Canyon</NeighboringStates>
    <Establishedn>
      1909
      <Founder>
      Enos Mills
      </Founder>
    </Establishedn>
  </Park>
  <Park>
    <Name>Olympic</Name>
    <Type>Recreational</Type>
    <Owner>Federal Goverment</Owner>
    <Reservation>
      <Address>
      3002 Mt Angeles Rd, Port Angeles, WA 98362, USA
      </Address>
      <URL>
      www.nos.gov/olym
      </URL>
    </Reservation>
    <NeighboringStates>Grand Canyon</NeighboringStates>
    <Establishedn>
      1937
      <Founder>
      Franklin Roosevelt
      </Founder>
    </Establishedn>
  </Park>
  <Park>
    <Name>Joshua Tree</Name>
    <Type>Recreational</Type>
    <Owner>Federal Goverment</Owner>
    <Reservation>
      <Address>
      6554 Park Boulevard, Joshua Tree, CA 92252
      </Address>
      <URL>
      www.nps.gov/jotr
      </URL>
    </Reservation>
    <NeighboringStates>Grand Canyon</NeighboringStates>
    <Establishedn>
      1936
      <Founder>
      Roosevelt
      </Founder>
    </Establishedn>
  </Park>
</Parks>