{
  "project_info": {
    "project_number": "708524638237",
    "project_id": "photoeditor-40466",
    "storage_bucket": "photoeditor-40466.appspot.com"
  },
  "client": [
    {
      "client_info": {
        "mobilesdk_app_id": "1:708524638237:android:9dbd4ec4fa3c3d09d646f4",
        "android_client_info": {
          "package_name": "com.example.photoedit"
        }
      },
      "oauth_client": [
        {
          "client_id": "708524638237-bitll1dicbe1j1s86ugjpt5v6is5ghi5.apps.googleusercontent.com",
          "client_type": 3
        }
      ],
      "api_key": [
        {
          "current_key": "AIzaSyC_64wHf2bvCL18LPUaRMNTwNeKe_w6U2U"
        }
      ],
      "services": {
        "appinvite_service": {
          "other_platform_oauth_client": [
            {
              "client_id": "708524638237-bitll1dicbe1j1s86ugjpt5v6is5ghi5.apps.googleusercontent.com",
              "client_type": 3
            }
          ]
        }
      }
    }
  ],
  "configuration_version": "1"
}