,0,1,2,3,4,5,6,7,8,9,10,11,12,13,14,15,16,17,18,19,20,21,22,23,24,25,26,27,28,29,30,31,32,33,34,35,36,37,38,39,40,41,42,43,44,45,46,47,48,49,50,51,52,53,54,55,56,57,58,59,60,61,62,63,64,65,66,67,68,69,70,71,72,73,74,75,76,77,78,79,80,81,82,83,84,85,86,87,88,89,90,91,92,93,94,95,96,97,98,99
0,289.2978150500012,326.8975164125302,inf,122.54530235013627,262.17727346337375,inf,300.7114865934559,90.32453800395066,305.1054802312045,136.69967093520626,479.4853436238916,243.99522731253447,268.8778606934454,147.24823151931636,314.7757255377141,223.00044907376198,184.49660410613836,184.36365551250637,582.0470344169053,inf,204.70565268880554,172.74225529984992,325.72043609214904,52.654129960238116,198.3030744391167,550.8394013714213,inf,147.72323387612738,inf,289.9226608907437,194.68653422001023,inf,259.66673649288623,63.36762184646336,388.868505051274,inf,291.72347394816245,448.8708981624573,154.48100747574853,355.77897738145276,172.00374916572855,109.21327086752476,197.70668696801914,51.105323312588375,269.8404964846418,422.4724555351499,104.23303757992082,279.16613545168804,179.1787479758634,377.08689390174646,243.32799324478344,463.96315533083157,inf,218.59712930778437,538.7494543174504,670.5402777790375,146.07423897232601,176.35183722455338,405.2619349753915,277.91948831920575,343.2153880135456,238.13367660949436,460.8515592233758,568.743428704952,417.44795474875644,165.3823928207293,360.6068759951925,242.44633255732404,0.0,inf,186.9206242649357,134.85028407391212,230.7170955754591,278.7451287800357,0.0,126.04620384291982,1024.4325606581674,inf,1255.7633656241924,372.4864589060903,190.4891541313639,168.66738625607704,259.1158253422072,917.8121416344969,211.12244959499571,176.58186264902722,820.2450799883743,760.9538565475817,356.9211503906258,88.75965823446239,718.3768143885909,231.0736569989703,674.8037473424974,161.74982581258496,1247.038579729662,180.15559416408036,310.3667984800322,203.1868789632966,416.6966366389088,278.8127340790972
1,277.7788690386621,329.1008159727254,inf,120.47092202682042,258.93830722582965,inf,302.38738439527106,75.16115606316183,307.5010905819687,136.3028910640455,476.94599470001106,242.82562482061,265.95875367007835,145.61052443551623,312.3552651466594,224.57630421198547,184.12507290858463,182.61394310199805,575.6993784954161,inf,202.00191835108123,170.4484896709795,325.33222477844384,48.59151236797985,196.65465213891986,542.5070407503599,inf,148.06873224371063,inf,287.2861275815153,230.9545372044964,inf,259.19988464194074,57.50765360748855,388.4397979362539,inf,291.9266381280269,467.02865886679535,130.60280409905096,348.95477005402256,163.37086159029315,108.80172472328267,205.68933638638958,22.066823010131923,287.0238530986016,415.67804568239563,105.21883091996061,279.0949845291994,176.67747259917,376.0803752581862,244.750729969471,470.07260802072653,inf,217.03141167948263,531.2248432881773,666.7182833740388,145.52108609115984,185.4692187304067,401.32578313126055,276.44967931581914,344.6334081991583,215.37645080686784,457.86415224388065,566.2933910913989,395.90223020215456,209.127016026345,356.8994596645963,287.91930162321233,0.0,inf,184.40036427069018,127.3952365253837,230.57277966369136,272.85930964737423,0.0,125.26633070164833,1015.0228867948098,inf,1267.402826970512,370.4353407111659,173.60098518060644,166.3820230998456,263.8491304805383,917.6004689660057,207.388028306635,173.31369146387954,819.076618664574,761.5383213302534,354.39267411862534,87.33309779340398,693.7629241348683,236.61532757095318,685.2722599528631,160.70815621607733,1249.4461835776815,178.04895839380896,305.7436018275628,189.0009800664512,417.36989264138487,277.13479343903737
2,266.71857190162996,331.31896584137576,inf,118.43165568701302,255.73935552558456,inf,304.0726221577041,62.5433520678941,309.9155106537131,135.90726287280526,474.4200941391367,241.66162887273225,263.0713383069762,143.99103206617926,309.95341682772255,226.1632952892933,183.754289884318,180.88083642384504,569.4209484840596,inf,199.3338946997643,168.18518190982107,324.9444761560757,44.84235284089881,195.01993258179684,534.3007209196751,inf,148.4150386705197,inf,284.67357069368603,273.97887824673563,inf,258.7338721385901,52.18959031557007,388.0115634483252,inf,292.1299437969647,485.9209387283024,110.41546606441455,342.2614580537713,155.1712596161983,108.3917293999939,213.99429504332875,9.52825745337849,305.3014403724109,408.9929068712025,106.21394748929345,279.023851740908,174.21111418992237,375.0765432096687,246.18178542379087,476.2625097974535,inf,215.47690861607174,523.805327068167,662.9180738516429,144.97002788535937,195.05796842176656,397.42786160190366,274.9876435654689,346.05728704180393,194.7940174720912,454.8961107201001,563.853907770001,375.4685442724802,264.4423513662057,353.23015945646847,341.9211310511287,0.0,inf,181.91408506622412,120.35233296552019,230.42855402300793,267.09777202956474,0.0,124.49128279190252,1005.6996431813437,inf,1279.15017254418,368.39551711702217,158.21006814327103,164.12762553140084,268.66889956796615,917.3888451150409,203.71966300798886,170.1060074812973,817.9098218455645,762.1232350219875,351.88210990437506,85.92946527627488,669.9923845869141,242.2898999766077,695.9031749753449,159.6731949763969,1251.8584356830872,175.9669564090671,301.1892719075922,175.80549811256142,418.04423642236696,275.46695092021605
3,256.0986616564547,333.55206611002814,inf,116.42690894027179,252.5799240187405,inf,305.76725193337074,52.043782889680045,312.3488881355656,135.51278301865813,471.9075707188911,240.50321259367107,260.21527053955964,142.38955182573548,307.5700374638215,227.76150099892084,183.38425352669984,179.16417788052135,563.2109894227857,inf,196.70111007123535,165.95192758023956,324.55718967358405,41.382465996936915,193.39880186176143,526.2185353031201,inf,148.76215504646137,inf,282.08477218761226,325.0181903067552,inf,258.2686974737808,47.36331890530069,387.5838010664413,inf,292.33339105351257,505.5774505734131,93.34849454668387,335.6965306734689,147.38319659023114,107.98327905373144,222.63457656875102,4.114216625391785,324.7429385649304,402.4152817509274,107.21847546319998,278.952737082192,171.77918531893664,374.0753905851465,247.62120824728507,482.5339200121362,inf,213.93353979242576,516.4894378182325,659.1395250407863,144.42105642282297,205.14245601116113,393.5677990711152,273.5333399584172,347.48704874696466,176.17854273651818,451.9473091181255,561.4249332748916,356.08950135519643,334.38892078524333,349.5985834971529,406.0514845659022,0.0,inf,179.46132848687333,113.69878847359684,230.28441859694334,261.4578916708179,0.0,123.72103025900728,996.4620359339211,inf,1291.0064023061188,366.3669259292877,144.18366137644878,161.9037739817021,273.57671205358076,917.1772700703441,200.11618527336555,166.95769120616623,816.7446871602135,762.7085979675769,349.3893308565071,84.54839218155175,647.0362998487287,248.10056150344295,706.6990118264484,158.6448988916959,1254.27534502007,173.9093001565529,296.70278288730333,163.53128515915097,418.71966973937685,273.8091457504878
4,245.90160345645745,335.80021754484966,inf,114.45609745767304,249.4595244685772,inf,307.4713260649817,43.30684633800687,314.8013718762713,135.1194481684794,469.40835359408976,239.35034923702398,257.3902100386304,140.80588338178853,305.2049850383695,229.37100059019713,183.01496233212546,177.46381137018818,557.0687545849449,inf,194.10309903156673,163.74832761642298,324.1703647801653,38.18953251769906,191.79114701968706,518.2586061645801,inf,149.11008326586264,inf,279.51951600648533,385.56557609942973,inf,257.8043591411726,42.983360554488954,387.1565102701301,inf,292.53697999627605,526.0291091741424,78.91957299757897,329.2575253638364,139.98601732615685,107.57636786258979,231.6237200338032,1.776482061223938,345.4224651516451,395.94344123350487,108.23250385088656,278.88164054843077,169.38120536137723,373.07691023271315,249.06904736389058,488.88791196540154,inf,212.4012254587532,509.2757282002176,655.3825134781647,143.8741638014862,215.74831112408467,389.74522782913954,272.0867276023397,348.92271762012933,159.342054358575,449.0176227178043,559.0064223360627,337.7106682028015,422.83677242407555,346.0043439418652,482.21005707166523,0.0,inf,177.04164254543028,107.41307776781775,230.14037332906742,255.937099727595,0.0,122.95554343300432,987.309278460719,inf,1302.972525485723,364.34950529606795,131.40079169356352,159.7100545666704,278.5741762384902,916.9657438206591,196.5764473446706,163.86764386295013,815.5812122407668,763.2944105120793,346.9142109825687,83.18951593033086,624.866764090248,254.05057587735396,717.6623290074409,157.6232250383467,1256.696920580147,171.87570495129387,292.2831242145952,152.1140209658368,419.3961943527759,272.1613175234439
5,236.11056063842898,338.0635215911745,inf,112.51864680149573,246.37767467010335,inf,309.1848971869593,36.036637531120654,317.27311189329777,134.72725499881906,466.9223722947433,238.20301218459863,254.59582016981807,139.23982863005563,302.8581186268129,230.99187387247454,182.6464148000181,175.77958227249889,550.9935053874979,inf,191.53940229424137,161.57398825157225,323.7840009256726,35.242955169185564,190.19685603543584,510.41908417181656,inf,149.45882522748093,inf,276.9775880582998,457.39228728268307,inf,257.3408556371334,39.00844212905074,386.7296905394933,inf,292.7407107239293,547.3080798692826,66.72093676888817,322.9420268098272,132.96010332386805,107.17099002660208,240.97581116619733,0.7670691169670544,367.41885738520165,389.5756840389142,109.25612250337213,278.8105621350048,167.01670040177046,372.0810950195519,250.52535198360226,495.32557309106653,inf,210.87988643647623,502.1627710906622,651.646916404199,143.3293421492081,226.90248843643732,385.9597837376433,270.647765821176,350.3643180672068,144.11454364895408,446.1069276074655,556.5983298785205,320.28042102881386,534.679605096233,342.44705693327137,572.6528481718174,0.0,inf,174.65458134885336,101.47486556758274,229.9964181629853,250.5328815985553,0.0,122.19479282750937,978.2405913949608,inf,1315.0495606667655,362.34319370605954,119.75121101006773,157.54605901015995,283.6629298028647,916.7542663547324,193.09932176582996,160.83478701221352,814.4193947228429,763.8806730008175,344.4566251826541,81.85247977113876,603.456827624514,260.14328509578775,728.7957247106892,156.60813076914994,1259.1231713721947,169.8658894372597,287.9293003904624,141.4938759386386,420.07381202576977,270.52340619621145
6,226.7093669231187,340.34208037808156,inf,110.61399225778864,243.33389837553995,inf,310.9080182270631,29.98692711109893,319.7642593820114,134.33620019587363,464.44955672407076,237.06117494579826,251.83176795346637,137.6911916695863,300.5292983882341,232.62420121908633,182.2786094328228,174.11133743453897,544.9845113022022,inf,189.0095666389583,159.42852094753798,323.39809756061476,32.523725931486176,188.61581782005305,502.6981479668123,inf,149.80838283451453,inf,274.45877619798557,542.599540607676,inf,256.87818546073447,35.401107258855006,386.3033413552056,inf,292.9445833352151,569.4478291524281,56.40784958953767,316.74766602462563,126.28682073799096,106.76713976765731,250.7055044221384,0.33121360640097414,390.81597284931024,383.31033624795685,110.28942212144969,278.73950183729573,164.6852031403441,371.08793783188503,251.99017160414542,501.84800514224344,inf,209.36944411413918,495.1491592984679,647.9326117590242,142.78658362365786,238.63333617956727,382.2111061950274,269.21641415398545,351.8118745949407,130.34224878517517,443.21510067867837,554.2006110214459,303.7498005031732,676.1055299588368,338.9263425604929,680.0589902888689,0.0,inf,172.29970501609876,95.86494080559842,229.85255304233735,245.24277577920932,0.0,121.43874913857631,969.2552025285519,inf,1327.2385358741028,360.3479299866745,109.13444548964776,155.41138456797324,288.8446403426079,916.5428376613132,189.68370102367928,157.85806217424175,813.2592322454283,764.4673857793797,342.0164492430817,80.53693268627285,582.7804641471499,266.38211130487264,740.1018374354044,155.59957371155448,1261.5541064224828,167.87957554843544,283.6403307447654,131.61519760650629,420.7525245244128,268.8953520872651
7,217.68249972261492,342.635996723003,inf,108.74157867177155,240.3277252207243,inf,312.6407424080249,24.952821882724542,322.27496672492606,133.9462804554581,461.9898371565229,235.9248111570099,249.09772402495545,136.1597787782567,298.2183855570189,234.268063571332,181.91154473600028,172.4589251568992,539.0410497677698,inf,186.51314483151063,157.31154232539174,323.01265413615533,30.014303380305073,187.04792220802662,495.0940037426143,inf,150.158757994613,inf,271.9628702097029,643.6799868592965,inf,256.4163471137456,32.127363379621684,385.8774621985144,inf,293.1485979289451,592.4831773063918,47.68886123912446,310.6721194610237,119.94847095795333,106.36481132941803,260.8280459494332,0.14301508252463138,415.7030091518229,377.14575086222635,111.3324942637232,278.66845965068643,162.38625280067444,370.09743157492284,253.46355601265807,508.456324379896,inf,207.8698204433467,488.2335052865065,644.2394781785009,142.245880412202,250.9706681870205,378.498838102076,267.79263235380995,353.2654118113262,117.88610218105353,440.3420196210458,551.8132210773574,288.07237423175815,854.9394502501104,335.4418248185329,807.6101109933788,0.0,inf,169.9765795970605,90.56515447699951,229.70877791079926,240.0643727407571,0.0,120.68738324356842,960.3523467463257,inf,1339.540488661182,358.3636533021753,99.45892899013415,153.30563395290574,294.1210059158316,916.3314577291532,186.32849719520556,154.93643045962722,812.100722450873,765.0545491936192,339.593559830116,79.24252929964722,562.812539098316,272.77055872156564,751.5833466129386,154.5975117658886,1263.9897347747078,165.91648847034998,279.41524921534125,122.42621898711674,421.43233361761287,267.2770958742529
8,209.0150545105425,344.9453741363638,inf,106.90086028602289,237.35869065242315,inf,314.3831232491925,20.763825436468967,324.8053875010241,133.5574924829781,459.54314423581627,234.7938945809959,246.3933625954548,134.64539838853665,295.92524243458786,235.92354244249088,181.54521921802092,170.82219517988113,533.1624061029808,inf,184.0496955447217,155.22267409691904,322.62767010411216,27.698499529319694,185.49305994961085,487.60488482657837,inf,150.5099526198875,inf,269.48966178929777,763.5906307977489,inf,255.95533910063023,29.156361414884184,385.452052551239,inf,293.3527546039998,616.4503531667918,40.31757109752121,304.7131081398429,113.92824366844427,105.96399897723826,271.3592974777628,0.06175263767626114,442.17484397576504,371.08030737115473,112.38543135472034,278.59743557056095,160.11939503862249,369.109569172813,254.94555528738329,515.1516617638782,inf,206.38093793473055,481.4144408971164,640.56739499025,141.70722473179188,263.94583966610395,374.82262582793936,266.3763803865418,354.7249544260282,106.62032623318082,437.48756291703086,549.4361155512788,273.20410633374286,1081.0760024969204,331.9931315681196,959.0845804445404,0.0,inf,167.68477699260322,85.55836092441204,229.56509271208188,234.99531383259963,0.0,119.94066620003656,951.5312659608933,inf,1351.9564661983609,356.39030315181986,90.64121333537071,151.22841526080634,299.4937555993136,916.1201265470067,183.0326416010285,152.06887220669256,810.9438629848858,765.6421635896553,337.1878344837338,77.9689297861196,543.5287791086856,279.3122156018969,763.2429732417828,153.6019031036026,1266.430065490026,163.97635660205435,275.2531041304044,113.87878731369648,422.11324107713585,265.66857859183443
9,200.69272021276043,347.27031682625227,inf,105.09130058140632,234.42633585654391,inf,316.1352145681829,17.278063730925844,327.3556764951509,133.16983299340208,457.10940897297735,233.668399106288,243.7183614131021,133.1478610635259,293.64973238119154,237.59071992186412,181.17963139035865,169.20099866983344,527.3478734207458,inf,181.6187832804255,153.16154299702205,322.24314491695645,25.561375403406924,183.95112270321397,480.2290512699177,inf,150.86196862692137,inf,267.0389445269174,905.8393352993261,inf,255.49515992854057,26.460105079602005,385.0271118957698,inf,293.5570534593285,641.3870511009407,34.08566480656691,298.8683967950732,108.21017226577476,105.5646969980818,282.3157611735541,0.02666423843316533,470.3323967847077,365.1124113260222,113.4483266930821,278.5264295923045,157.88418185254142,368.12434356859,256.43621979937114,521.9351631464891,inf,204.90271965394572,474.6906170814337,636.9162422097096,141.17060882885156,277.59182688683484,371.1821191764468,264.96761842979845,356.19052725080144,96.43116326478166,434.6516098368175,547.06925013991,259.1032337504525,1367.027013237971,328.57989449596283,1138.9694357776823,0.0,inf,165.4238748756734,80.82836236900638,229.42149738993135,230.03329020802468,0.0,119.19856924460434,942.7912090480913,inf,1364.4875253620442,354.427819368017,82.60524860189432,149.17934189763943,304.96465005511976,915.9088441036307,179.795084465011,149.25438662562456,809.7886514965286,766.2302293138728,334.7991516114348,76.71579978227565,524.9057424923002,286.0107562564176,775.0834805324148,152.6127061655229,1268.8751076470878,162.05891151854476,271.1529579941889,105.92811170132451,422.7952486776102,264.0697416295323
10,192.70175557792552,349.6109297031227,inf,103.31237212069001,231.53020768723258,inf,317.89707048254456,14.377480065190841,329.9259897074829,132.7832987112335,454.6885627443975,232.54829874658446,241.07240172460382,131.66697947325724,291.3917198077686,239.2696786788451,180.814779767485,167.59518820561792,521.596752543105,inf,179.2199782924778,151.12778071701996,321.85907802781196,23.58914466909191,182.42200302784897,472.9647894434601,inf,151.2148079367804,inf,264.6105138897837,1074.5874402862617,inf,255.0358081073129,24.013187066139306,384.60263971506805,inf,293.76149459394935,667.3324902916473,28.817027258297944,293.1357930354094,102.77909151189625,105.16689970044072,293.71460549839696,0.011513380447779732,500.28301356142293,359.2404939208176,114.52127445982974,278.4554417113035,155.68017149473746,367.1417477241248,257.93560021419086,528.8079894685757,inf,203.43508921769495,468.0607036325029,633.2859005362144,140.63602497916634,291.9433109908048,367.57697135274725,263.5663068718025,357.6621551999123,87.21572684238407,431.8340404332041,544.7125807308005,245.7301489382848,1728.613761295336,325.2017490754186,1352.593297907521,0.0,inf,163.19345661347396,76.35985650808918,229.27799188812892,225.17604177257707,0.0,118.46106379186016,934.1314317830231,inf,1377.1347328246482,352.4761421144919,75.28172721313291,147.15803250753535,310.5354821075769,915.6976103877846,176.61479457989088,146.49199144919422,808.6350856382128,766.8187467129229,332.4273904820959,75.48281029864715,506.92079075043415,292.8699431139823,787.1076745621516,151.62987966011707,1271.3248703420718,160.16388793362472,267.1138872757836,98.53252843041764,423.4783581965316,262.4805267295967
11,185.02896648890757,351.96731838452894,inf,101.56355639481323,228.66985859684783,inf,319.6687454114289,11.963836703239396,332.51648436307033,132.39788637048312,452.28053728989795,231.43356764015013,238.4551682372525,130.2025683712629,289.15107016786646,240.96050196701896,180.4506628668629,166.004617765204,515.9083519171544,inf,176.8528565107837,149.12102383883496,321.4754688904541,21.76908470055104,180.90559437564724,465.8104116395201,inf,151.56847247502344,inf,262.2041672051229,1274.7714984571826,inf,254.57728214946252,21.792549626642423,384.1786354926649,inf,293.96607810694957,694.3274764191734,24.362765541410198,287.51314652187034,97.62059731376876,104.77060141425433,305.5736921115267,0.004971375037302371,532.1408760465733,353.4630115798397,115.60436972671006,278.3844719229454,153.50692838416697,366.1617746200744,259.44374749365284,535.7713169582188,inf,201.9779707897818,461.52338892211594,629.6762513490979,140.10346548777153,307.03676613295823,364.00683893027326,262.172406310268,359.1398632905624,78.88096286632073,429.0347355365303,542.366063401528,233.0472886161969,2185.842347520196,321.85833452755867,1606.284218061712,0.0,inf,160.99311119068835,72.13838700970388,229.13457615049109,220.42135615463437,0.0,117.72812143325606,925.5511967766872,inf,1389.8991651453978,350.5352118844615,68.60748618414777,145.16411090181586,316.20807733078533,915.4864253882305,173.4907589788269,143.78072258994146,807.4831630656939,767.4077161337227,330.0724312198692,74.26963763334099,489.5520610518276,299.89362883502616,799.3184049401608,150.65338256177046,1273.7793626887178,158.29102366320183,263.134982201113,91.65328261741935,424.16257141426775,260.9008759848823
12,177.6616841775938,354.3395891998907,inf,99.84434367175496,225.84484656680002,inf,321.45029407727117,9.955387732257533,335.12731892145405,132.0135927146415,449.88526471080513,230.32418004921922,235.86634908135645,128.75444457140176,286.9276499496243,242.66327362829057,180.08727920894083,164.42914271239042,510.2819875318889,inf,174.51699946632905,147.14091377005215,321.0923169593095,20.089454507466392,179.40179108443436,458.76425567979334,inf,151.92296417171292,inf,259.81970364325144,1512.2476890720702,inf,254.11958057017915,19.777267295741215,383.75509871266087,inf,294.17080409748536,722.4144658383523,20.597001193272334,281.9983481611919,92.72100852140693,104.3757964908283,317.91160385852777,0.002146595422049062,566.0274370375909,347.7784455519311,116.69770846461942,278.31352022261905,151.36402302035185,365.18441725583193,260.96071289754065,542.8263373320348,inf,200.53128907719213,455.07737964132593,626.0871767038165,139.57292268884166,322.91055218029686,360.4713818180264,260.7858775512924,360.6236766433137,71.34270994453348,426.2535767496368,540.0296544188797,221.01902825526392,2764.010605025081,318.54929378263984,1907.5571298376599,0.0,inf,158.82243313373985,68.1502967440822,228.9912501208694,215.76706769771957,0.0,116.9997139360135,917.0497734131877,inf,1402.7819088619663,348.60496949882037,62.52496236147585,143.19720598898093,321.9842946468637,915.275289093733,170.42198261275473,141.11963380370452,806.3328814380667,767.997137923456,327.734154798123,73.07596328705638,472.77843965583514,307.08575847552265,811.7185654827881,149.6831741090735,1276.238593818361,156.44005958901343,259.21534654801644,85.25432512858676,424.84789011406275,259.3307318367386
13,170.58774430711267,356.7278491952913,inf,98.15423284796097,223.05473503924466,inf,323.24177150748073,8.284110470410237,337.7586530863589,131.6304144966514,447.5026774680359,229.2201103594012,233.30563577307726,127.32242692494414,284.72132666781755,244.37807809704205,179.72462731714666,162.868619783653,504.7169828359522,inf,172.21199421720175,145.18709667984177,320.709621689455,18.53941899529408,177.9104883703676,451.82468452918243,inf,152.2782849614253,inf,257.4569242008144,1793.9631344688632,inf,253.66270188732202,17.948349706131104,383.33202885972526,inf,294.375672664782,751.6376323518058,17.413312845562352,276.5893293146918,88.06733064328668,103.98247930275413,330.74767389011447,0.0009268807666665945,602.0718834072491,342.1853015112376,117.8013875521076,278.24258660571434,149.25103189849705,364.2096686494764,262.4865479853535,549.974257999128,inf,199.09496932620328,448.72140054458595,622.518559328095,139.04438894558015,339.60501220310186,356.97026322818,259.4066816082547,362.1136204825156,64.52484956168033,423.49044644285743,537.7033102380369,209.6115820139436,3495.10779373375,315.27427344197,2265.3364595621597,0.0,inf,156.68102243607194,64.38268360064247,228.84801374315063,211.21105647409144,0.0,116.2758132420358,908.6264377875218,inf,1415.784060582963,346.6853561043362,56.98169595969337,141.25695170564458,327.86602693512185,915.0642014930596,167.40748803344974,138.5077963593768,805.1842384177609,768.5870124295732,325.41244303342575,71.90147387946789,456.5795362461822,314.45037170283837,824.3110948993617,148.71921380312025,1278.7025728799667,154.61073962277663,255.3540974443802,79.30212367264835,425.5343160820421,257.7700370729124
14,163.79546688693887,359.1322061383079,inf,96.49273130228589,220.2990928496199,inf,325.0432330361406,6.893401656632256,340.4106478154627,131.24834847888042,445.1327083801935,228.12133307908925,230.772723177671,125.90633629791171,282.53196885596356,246.1050004043197,179.36270571788177,161.3229070751171,499.21266865628394,inf,169.93743327559034,143.2592234357323,320.32738253661677,17.108979069358437,176.4315823206348,444.99008591546425,inf,152.63443678326172,inf,255.11563168417754,2128.159131000644,inf,253.20664462141505,16.288562638931715,382.90942541909544,inf,294.5806839081337,782.0429366842772,14.721728731873341,271.2840610223086,83.64722138287948,103.59064424382903,344.1020159566192,0.00040021885204449966,640.4116286071102,336.6821091643884,118.91550478396198,278.1716710676223,147.16753742579274,363.23752183772297,264.02130461805854,557.2163022677291,inf,197.6689373185216,442.45419419746065,618.9702826180957,138.51785665010942,357.1625750064485,353.5031496439969,258.034779700719,363.60972013673404,58.358537462263804,420.7452277490444,535.3869875017639,198.79290783797833,4419.584522436214,312.0329237401657,2690.220489206712,0.0,inf,154.56848448443623,60.82335874759601,228.70486696125653,206.75124731916318,0.0,115.55639146682731,900.2804726439383,inf,1428.9067270812805,344.77631317185546,51.92987811286536,139.3429869484062,333.8552016523615,914.8531625749799,164.44631508219612,135.94429871477593,804.0372316705359,769.1773399997916,323.10717857957303,70.74586106695236,440.9356591441297,321.9916050647289,837.0989774886361,147.76146140581795,1281.171309040163,152.80281067075745,251.5503651692762,73.76548708240607,426.2218511072169,256.2187348254631
15,157.27363698771674,361.5527685228746,inf,94.85935475240754,217.57749416001727,inf,326.8547343057167,5.736160396386788,343.0834653302418,130.86739143309353,442.775290621673,227.02782283887183,228.26730947312825,124.50599554866908,280.3594460584881,247.84412618205016,179.00151294051497,159.7918640296538,493.7683831176538,inf,167.6929145357467,141.35694954122312,319.9455989571698,15.78890713188188,174.96496988621368,438.2588719547101,inf,152.99142158085846,inf,252.79563069296955,2524.61223970599,inf,252.7514072956421,14.78226562254749,382.4872878765764,inf,294.7858379269041,813.6781987673438,12.446184064860285,266.0805532415254,79.448957904912,103.2002857289759,357.9955559256569,0.0001728109324221561,681.1928365334344,331.267421863994,120.04015887987295,278.10077360373526,145.11312783888502,362.2679698758732,265.56503495985345,564.5537095545544,inf,196.25311936744728,436.27452072786195,615.4422306346079,137.99331822336129,375.6278629625944,350.0697107880584,256.6701332533443,365.11200103918156,52.78150848656946,418.017804558625,533.0806430395993,188.53261745837176,5588.59082571852,308.82489850779774,3194.795302922203,0.0,inf,152.4844299861742,57.460807199124694,228.561809719144,202.38560888630988,0.0,114.84142089841939,892.011167314863,inf,1442.151025388304,342.8777824945187,47.32593853865989,137.45495550664518,339.95378146450804,914.6421723282666,161.537520583963,133.42824619851154,802.8918588654765,769.7681209820954,320.8182449216563,69.60882146163824,425.82779137091444,329.7136943127503,850.0852438460402,146.80987693820734,1283.6448114832758,151.01602259875426,247.8032929570632,68.61540186446936,426.91049698148885,254.67676856869096
16,151.01148622396025,363.9896455741781,inf,93.25362711367188,214.88951839337557,inf,328.6763312687765,4.773192936091168,345.7772691258942,130.48754014042595,440.43035772077707,225.93955439094677,225.78909611420903,123.12122950576489,278.20362882295194,249.59554166728674,178.64104751737656,158.27535142409863,488.3834715630732,inf,165.47804120290022,139.47993507422544,319.56427040813696,14.570687555849497,173.5105488746915,431.6294787823725,inf,153.34924130239764,inf,250.49672760377436,2994.9202895727285,inf,252.29698843584225,13.415264549695138,382.06561571853985,inf,294.9911348205258,846.5931729481982,10.522371427820087,260.976854100891,75.46140574453581,102.81139819416377,372.4500645723544,7.461822003650773e-05,724.5709787527029,325.93981622836,121.17544949318128,278.02989420944664,143.08739712249863,361.30100583776533,267.1177914799396,571.9877355969215,inf,194.8474423140667,430.18115758075925,611.9342880992596,137.470766114968,395.0478054182976,346.6696195908023,255.31270389479965,366.6204887281501,47.737447839902316,415.308061514691,530.7842338670521,178.80189103463653,7066.8062255066825,305.6498551344213,3794.00761704239,0.0,inf,150.4284748974795,54.28415056255799,228.418841960805,198.11215272163406,0.0,114.13087399630288,883.8178176603838,inf,1455.5180828889972,340.989706185986,43.13016975886428,135.59250599622598,346.1637648897811,914.4312307416947,158.6801780469898,130.95876069774135,801.7481176749877,770.3593557247364,318.54552637017383,68.49005655175584,411.2375675303672,337.6209767813913,863.2729715818958,145.86442067879378,1286.123089411363,149.25012819749074,244.11203680440588,63.824880160596905,427.6002554996549,253.14408211707683
17,144.99867497405424,366.44294725358617,inf,91.67508036032733,212.23475016848786,inf,330.5080801897171,3.9718852386871686,348.4922239813404,130.10879139135585,438.0978435578418,224.85650260853848,223.33778779686804,121.75186494601924,276.0643886923372,251.35933370648561,178.2813079837524,156.77323135659148,483.0572864750751,inf,163.2924217231109,137.62784462632092,319.1833963471883,13.44646175171231,172.06821794314433,425.10036618995196,inf,153.70789790061792,inf,248.21873055397162,3552.841660127168,inf,251.84338657050483,12.17467792378177,381.64440843192386,inf,295.19657468850073,880.8396262407797,8.895923432275499,255.97104916785946,71.67398927694933,102.42397609632853,387.4881916935249,3.221948220159493e-05,770.711427211084,320.6978917673163,122.32147721970814,277.959032880151,141.08994492919572,360.336622815725,268.67962695430543,579.5196526676591,inf,193.45183352347235,424.17289927631504,608.4463403907508,136.9501928031534,415.47175796528734,343.302552159366,253.9624534566852,368.13520884744497,43.175422446428634,412.6158840081195,528.4977171847999,169.57339620355654,8936.018360664164,302.5074545319857,4505.607537675222,0.0,inf,148.4002403526273,51.28311184503084,228.27596363026652,193.92893235826793,0.0,113.42472339036729,875.6997260082933,inf,1469.0090374178665,339.1120266786718,39.30638463532783,133.7552917941016,352.48718695361265,914.2203378040417,155.87337736768586,128.53498035170608,800.6060057747906,770.9510445762334,316.2889080551836,67.38927262326779,397.1472514836066,345.7178938242625,876.6652860507811,144.92505316188928,1288.6061520442488,147.5048831484135,240.4757652801687,59.368818323921644,428.29112845941177,251.62061962323543
18,139.2252753082007,368.91278426360975,inf,90.12325438910804,209.6127792358114,inf,332.3500376465033,3.305098402793687,351.22849596930297,129.73114198567723,435.7776823633724,223.7786424853177,220.9130924230663,120.39773057285485,273.9415981973933,253.13558975981212,177.9222928778779,155.2853672340366,477.7891873978522,inf,161.13566971404887,135.80034724282666,318.8029762326402,12.408977472561054,170.63787659107572,418.67001726716023,inf,154.0673933328249,inf,245.96144942572425,4214.6977687129,inf,251.3906002307649,11.04881547424926,381.2236655042321,inf,295.4021576304002,916.4714197423267,7.520876283047456,251.06126073067347,68.07666366915291,102.03801391329385,403.13350159924437,1.3912085182827919e-05,819.7900846874489,315.54027051406496,123.4783436066688,277.88818961124423,139.1203765002548,359.37481392051563,270.25059446751993,587.1507497928453,inf,192.06622088100931,418.2485571713992,604.9782735411086,136.43159079462484,436.9516278770122,339.96818774673244,252.61934397245912,369.65618714682074,39.049366645642365,409.9411581727254,526.2210503778917,160.8212113060822,11299.648185330245,299.3973610986205,5350.674361423921,0.0,inf,146.39935259415802,48.44798220576619,228.13317467159055,189.8340424297998,0.0,112.72294187984649,867.6562010946809,inf,1482.6250373558169,337.2446867219898,35.82160426769021,131.94297097380306,358.92611985553003,914.009493504088,153.1162245407495,126.1560592509365,799.4655208439169,771.5431878853732,314.0482759204972,66.30618068275906,383.53971478866913,354.00899330871107,890.2653610922056,143.99173517596506,1291.0940086195571,145.78004598988963,236.8936593381415,55.223865368960084,428.98311766136067,250.10632557588002
19,133.68175459612135,371.3992680528981,inf,88.59769688512637,207.02320041407032,inf,334.2022605324151,2.7502495152050246,353.98625246646515,129.35458873247288,433.46980871618825,222.7059491348242,218.5147210659647,119.05865699486924,271.83513084904126,254.92439790547775,177.56400074093216,153.8116237596819,472.57854086024406,inf,159.00740389668826,133.99711636365606,318.4230095234547,11.451542030744191,169.21942515341368,412.3369380494959,inf,154.42772956090215,inf,243.72469583011136,4999.850536811617,inf,250.9386279503983,10.02706799705547,380.8033864235332,inf,295.60788374586474,953.5445933433991,6.358370830810676,246.24564709402173,64.65988823944836,101.65350614369255,419.41051003744354,6.007114357805515e-06,871.9940553934341,310.46559666294775,124.64615116167043,277.8173643981232,137.17830258765397,358.41557228128954,271.83074741453737,594.8823329724146,inf,190.69053278854915,412.406959224434,601.5299742319628,135.91495262446514,459.5420060304625,336.66620872117596,251.28333767636997,371.18344948241895,35.31761703820777,407.2837708804456,523.9541910149538,152.52075257671282,14288.472109041997,296.3192426827941,6354.240994716438,0.0,inf,144.42544290400238,45.769589546420505,227.99047502887407,185.82561780242094,0.0,112.02550243227094,859.686558005071,inf,1496.367241727905,335.38762938060745,32.645773561114986,130.155206241803,365.48267364822,913.7986978306163,150.407841374415,123.82116714202733,798.3266605647048,772.1357860012107,311.82351671791537,65.24049638156637,370.3984158788664,362.49893217026164,904.0764197827781,143.06442776201476,1293.5866683927466,144.07537808379948,233.3649121325548,51.36830060604751,429.67622490901215,248.60114479779995
