round,date,num_winners,reward,first,second,third,fourth,fifth,sixth,bonus,win
1080,2023.08.12,7,3639444429,13,16,23,31,36,44,38,1
1080,2023.08.12,0,0,25,11,4,45,24,26,12,0
1079,2023.08.05,9,2712329417,4,8,18,24,37,45,6,1
1079,2023.08.05,0,0,30,12,44,5,10,29,9,0
1078,2023.07.29,12,2141604938,6,10,11,14,36,38,43,1
1078,2023.07.29,0,0,28,29,20,44,13,4,42,0
1077,2023.07.22,7,3570901018,4,8,17,30,40,43,34,1
1077,2023.07.22,0,0,3,29,15,39,12,42,34,0
1076,2023.07.15,9,2672689750,3,7,9,33,36,37,10,1
1076,2023.07.15,0,0,5,37,13,7,6,39,35,0
1075,2023.07.08,9,2896337167,1,23,24,35,44,45,10,1
1075,2023.07.08,0,0,27,31,20,4,25,34,28,0
1074,2023.07.01,12,2134763657,1,6,20,27,28,41,15,1
1074,2023.07.01,0,0,35,21,26,31,14,15,30,0
1073,2023.06.24,11,2345227603,6,18,28,30,32,38,15,1
1073,2023.06.24,0,0,7,34,22,45,9,4,36,0
1072,2023.06.17,12,2175006375,16,18,20,23,32,43,27,1
1072,2023.06.17,0,0,29,36,38,3,21,35,43,0
1071,2023.06.10,5,5183979750,1,2,11,21,30,35,39,1
1071,2023.06.10,0,0,39,29,33,34,13,36,37,0
1070,2023.06.03,14,1859116929,3,6,14,22,30,41,36,1
1070,2023.06.03,0,0,18,44,32,42,29,7,20,0
1069,2023.05.27,14,1863217554,1,10,18,22,28,31,44,1
1069,2023.05.27,0,0,41,16,13,1,6,40,31,0
1068,2023.05.20,19,1363929514,4,7,19,26,33,35,3,1
1068,2023.05.20,0,0,17,16,10,3,27,6,20,0
1067,2023.05.13,13,1981114010,7,10,19,23,28,33,18,1
1067,2023.05.13,0,0,26,19,16,37,3,12,39,0
1066,2023.05.06,15,1670947250,6,11,16,19,21,32,45,1
1066,2023.05.06,0,0,3,43,44,21,10,4,36,0
1065,2023.04.29,14,1852593938,3,18,19,23,32,45,24,1
1065,2023.04.29,0,0,41,30,7,12,24,17,32,0
1064,2023.04.22,19,1348168106,3,6,9,18,22,35,14,1
1064,2023.04.22,0,0,43,19,2,34,39,17,23,0
1063,2023.04.15,7,3770311875,3,6,22,23,24,38,30,1
1063,2023.04.15,0,0,45,37,40,9,13,30,14,0
1062,2023.04.08,7,3801933804,20,31,32,40,41,45,12,1
1062,2023.04.08,0,0,27,10,33,20,19,24,39,0
1061,2023.04.01,11,2422768773,4,24,27,35,37,45,15,1
1061,2023.04.01,0,0,10,27,23,7,25,31,40,0
1060,2023.03.25,28,898238907,3,10,24,33,38,45,36,1
1060,2023.03.25,0,0,26,2,44,3,11,37,30,0
1059,2023.03.18,13,2033168481,7,10,22,25,34,40,27,1
1059,2023.03.18,0,0,22,15,9,25,3,4,33,0
1058,2023.03.11,13,2058020250,11,23,25,30,32,40,42,1
1058,2023.03.11,0,0,33,24,42,23,36,30,28,0
1057,2023.03.04,17,1616069714,8,13,19,27,40,45,12,1
1057,2023.03.04,0,0,15,1,20,16,27,39,11,0
1056,2023.02.25,14,1969662456,13,20,24,32,36,45,29,1
1056,2023.02.25,0,0,11,10,12,37,21,41,39,0
1055,2023.02.18,11,2362815205,4,7,12,14,22,33,31,1
1055,2023.02.18,0,0,10,41,32,13,16,1,11,0
1054,2023.02.11,9,3147925709,14,19,27,28,30,45,33,1
1054,2023.02.11,0,0,7,20,6,4,41,24,42,0
1053,2023.02.04,7,4090367411,22,26,29,30,34,45,15,1
1053,2023.02.04,0,0,6,38,14,10,33,27,25,0
1052,2023.01.28,11,2341682762,5,17,26,27,35,38,1,1
1052,2023.01.28,0,0,38,28,39,12,34,4,33,0
1051,2023.01.21,18,1669558480,21,26,30,32,33,35,44,1
1051,2023.01.21,0,0,7,13,22,37,9,16,15,0
1050,2023.01.14,17,1535083280,6,12,31,35,38,43,17,1
1050,2023.01.14,0,0,34,37,19,26,21,43,11,0
1049,2023.01.07,15,1727810100,3,5,13,20,21,37,17,1
1049,2023.01.07,0,0,15,31,25,19,45,42,44,0
1048,2022.12.31,17,1612494508,6,12,17,21,32,39,30,1
1048,2022.12.31,0,0,17,10,1,43,13,31,36,0
1047,2022.12.24,9,2748797875,2,20,33,40,42,44,32,1
1047,2022.12.24,0,0,8,44,22,25,10,39,6,0
1046,2022.12.17,12,2011415719,7,16,25,29,35,36,28,1
1046,2022.12.17,0,0,36,17,20,15,34,45,11,0
1045,2022.12.10,13,1990060443,6,14,15,19,21,41,37,1
1045,2022.12.10,0,0,35,13,10,23,11,31,45,0
1044,2022.12.03,8,3136941235,12,17,20,26,28,36,4,1
1044,2022.12.03,0,0,23,43,13,25,27,31,36,0
1043,2022.11.26,17,1468646956,3,5,12,22,26,31,19,1
1043,2022.11.26,0,0,8,16,39,37,27,17,1,0
1042,2022.11.19,20,1240663669,5,14,15,23,34,43,4,1
1042,2022.11.19,0,0,42,5,11,27,4,10,35,0
1041,2022.11.12,25,935091165,6,7,9,11,17,18,45,1
1041,2022.11.12,0,0,41,16,7,34,3,31,30,0
1040,2022.11.05,7,3660482625,8,16,26,29,31,36,11,1
1040,2022.11.05,0,0,19,27,5,15,25,43,8,0
1039,2022.10.29,16,1585019672,2,3,6,19,36,39,26,1
1039,2022.10.29,0,0,25,20,29,19,12,37,5,0
1038,2022.10.22,15,1627457225,7,16,24,27,37,44,2,1
1038,2022.10.22,0,0,7,23,16,14,30,1,40,0
1037,2022.10.15,15,1708576825,2,14,15,22,27,33,31,1
1037,2022.10.15,0,0,45,40,2,6,16,27,3,0
1036,2022.10.08,9,2837323167,2,5,22,32,34,45,39,1
1036,2022.10.08,0,0,28,42,40,35,38,10,29,0
1035,2022.10.01,8,3231193735,9,14,34,35,41,42,2,1
1035,2022.10.01,0,0,20,19,44,1,10,21,24,0
1034,2022.09.24,9,2868856209,26,31,32,33,38,40,11,1
1034,2022.09.24,0,0,9,11,16,18,23,37,32,0
1033,2022.09.17,13,1913414943,3,11,15,20,35,44,10,1
1033,2022.09.17,0,0,23,32,9,7,34,1,12,0
1032,2022.09.10,10,2675257538,1,6,12,19,36,42,28,1
1032,2022.09.10,0,0,45,4,14,18,21,15,38,0
1031,2022.09.03,8,3213957563,6,7,22,32,35,36,19,1
1031,2022.09.03,0,0,42,11,39,12,29,34,9,0
1030,2022.08.27,19,1276406507,2,5,11,17,24,29,9,1
1030,2022.08.27,0,0,45,4,19,30,26,32,8,0
1029,2022.08.20,10,2527848450,12,30,32,37,39,41,24,1
1029,2022.08.20,0,0,11,37,17,32,3,2,12,0
1028,2022.08.13,20,1181235132,5,7,12,13,18,35,23,1
1028,2022.08.13,0,0,12,32,38,24,21,28,6,0
1027,2022.08.06,10,2460504338,14,16,27,35,39,45,5,1
1027,2022.08.06,0,0,40,43,25,27,33,11,14,0
1026,2022.07.30,15,1619118475,5,12,13,31,32,41,34,1
1026,2022.07.30,0,0,30,19,12,20,28,14,42,0
1025,2022.07.23,4,6118853344,8,9,20,25,29,33,7,1
1025,2022.07.23,0,0,25,15,1,18,19,43,23,0
1024,2022.07.16,8,3020323500,9,18,20,22,38,44,10,1
1024,2022.07.16,0,0,8,24,42,27,26,19,34,0
1023,2022.07.09,9,2745677875,10,14,16,18,29,35,25,1
1023,2022.07.09,0,0,2,36,10,43,3,27,26,0
1022,2022.07.02,5,4866468075,5,6,11,29,42,45,28,1
1022,2022.07.02,0,0,1,36,25,2,9,7,41,0
1021,2022.06.25,12,2108962250,12,15,17,24,29,45,16,1
1021,2022.06.25,0,0,40,28,35,29,3,13,31,0
1020,2022.06.18,13,1966431520,12,27,29,38,41,45,6,1
1020,2022.06.18,0,0,1,8,30,16,31,39,4,0
1019,2022.06.11,50,438565140,1,4,13,17,34,39,6,1
1019,2022.06.11,0,0,38,28,2,41,39,10,27,0
1018,2022.06.04,2,12361744688,3,19,21,25,37,45,35,1
1018,2022.06.04,0,0,4,11,42,32,15,12,24,0
1017,2022.05.28,7,3517684822,12,18,22,23,30,34,32,1
1017,2022.05.28,0,0,8,30,20,44,2,38,35,0
1016,2022.05.21,11,2260660671,15,26,28,34,41,42,44,1
1016,2022.05.21,0,0,8,12,6,41,28,1,24,0
1015,2022.05.14,8,3051105610,14,23,31,33,37,40,44,1
1015,2022.05.14,0,0,12,31,3,40,27,21,45,0
1014,2022.05.07,10,2410449338,3,11,14,18,26,27,21,1
1014,2022.05.07,0,0,12,45,36,3,4,18,25,0
1013,2022.04.30,5,5047570725,21,22,26,34,36,41,32,1
1013,2022.04.30,0,0,11,9,44,38,8,16,3,0
1012,2022.04.23,13,1861944318,5,11,18,20,35,45,3,1
1012,2022.04.23,0,0,18,22,15,25,35,19,6,0
1011,2022.04.16,11,2220348512,1,9,12,26,35,38,42,1
1011,2022.04.16,0,0,6,43,39,20,35,37,40,0
1010,2022.04.09,8,3119380079,9,12,15,25,34,36,3,1
1010,2022.04.09,0,0,8,33,20,42,23,5,15,0
1009,2022.04.02,15,1702462825,15,23,29,34,40,44,20,1
1009,2022.04.02,0,0,2,18,44,40,45,6,32,0
1008,2022.03.26,11,2267377910,9,11,30,31,41,44,33,1
1008,2022.03.26,0,0,6,15,41,35,44,31,28,0
1007,2022.03.19,9,2718786375,8,11,16,19,21,25,40,1
1007,2022.03.19,0,0,4,20,16,5,29,24,45,0
1006,2022.03.12,9,2855602125,8,11,15,16,17,37,36,1
1006,2022.03.12,0,0,22,33,8,36,23,6,42,0
1005,2022.03.05,12,2061199344,8,13,18,24,27,29,17,1
1005,2022.03.05,0,0,2,3,16,29,41,44,36,0
1004,2022.02.26,10,2576251913,7,15,30,37,39,44,18,1
1004,2022.02.26,0,0,41,37,25,5,23,29,21,0
1003,2022.02.19,14,1811116822,1,4,29,39,43,45,31,1
1003,2022.02.19,0,0,10,12,14,43,33,26,9,0
1002,2022.02.12,8,3088449563,17,25,33,35,38,45,15,1
1002,2022.02.12,0,0,28,9,7,3,4,10,39,0
1001,2022.02.05,12,2077279594,6,10,12,14,20,42,15,1
1001,2022.02.05,0,0,19,30,3,29,42,4,14,0
1000,2022.01.29,22,1246819620,2,8,19,22,32,42,39,1
1000,2022.01.29,0,0,1,39,5,15,42,40,6,0
999,2022.01.22,16,1513274790,1,3,9,14,18,28,34,1
999,2022.01.22,0,0,14,22,2,27,13,12,20,0
998,2022.01.15,12,2076499657,13,17,18,20,42,45,41,1
998,2022.01.15,0,0,21,22,40,3,38,23,14,0
997,2022.01.08,19,1253749560,4,7,14,16,24,44,20,1
997,2022.01.08,0,0,4,44,21,18,7,39,20,0
996,2022.01.01,18,1491185771,6,11,15,24,32,39,28,1
996,2022.01.01,0,0,3,36,7,21,11,24,16,0
995,2021.12.25,7,3447271875,1,4,13,29,38,39,7,1
995,2021.12.25,0,0,21,4,30,27,24,36,45,0
994,2021.12.18,12,1861582063,1,3,8,24,27,35,28,1
994,2021.12.18,0,0,29,24,21,12,30,10,38,0
993,2021.12.11,6,3991197063,6,14,16,18,24,42,44,1
993,2021.12.11,0,0,17,10,9,11,35,5,3,0
992,2021.12.04,12,1986955563,12,20,26,33,44,45,24,1
992,2021.12.04,0,0,8,16,30,32,28,9,39,0
991,2021.11.27,8,2904166032,13,18,25,31,33,44,38,1
991,2021.11.27,0,0,8,40,13,16,14,4,12,0
990,2021.11.20,14,1740095277,2,4,25,26,36,37,28,1
990,2021.11.20,0,0,32,15,3,10,30,34,22,0
989,2021.11.13,4,5826768563,17,18,21,27,29,33,26,1
989,2021.11.13,0,0,17,38,23,3,36,31,9,0
988,2021.11.06,9,2678489375,2,13,20,30,31,41,27,1
988,2021.11.06,0,0,2,5,44,7,36,17,27,0
987,2021.10.30,10,2378711625,2,4,15,23,29,38,7,1
987,2021.10.30,0,0,43,26,30,18,36,19,14,0
986,2021.10.23,10,2375275125,7,10,16,28,41,42,40,1
986,2021.10.23,0,0,22,30,12,1,27,10,26,0
985,2021.10.16,10,2434752975,17,21,23,30,34,44,19,1
985,2021.10.16,0,0,6,28,2,18,23,40,13,0
984,2021.10.09,7,3453006268,3,10,23,35,36,37,18,1
984,2021.10.09,0,0,15,21,36,16,29,10,30,0
983,2021.10.02,10,2503422225,13,23,26,31,35,43,15,1
983,2021.10.02,0,0,41,39,5,11,31,21,16,0
982,2021.09.25,8,3023630672,5,7,13,20,21,44,33,1
982,2021.09.25,0,0,9,19,1,25,35,26,39,0
981,2021.09.18,13,1992863193,27,36,37,41,43,45,32,1
981,2021.09.18,0,0,3,10,21,13,35,16,37,0
980,2021.09.11,7,3409443215,3,13,16,23,24,35,14,1
980,2021.09.11,0,0,1,19,16,43,26,2,18,0
979,2021.09.04,14,1606400518,7,11,16,21,27,33,24,1
979,2021.09.04,0,0,41,19,37,16,45,20,9,0
978,2021.08.28,10,2373391388,1,7,15,32,34,42,8,1
978,2021.08.28,0,0,40,43,15,8,36,32,11,0
977,2021.08.21,14,1669905911,2,9,10,14,22,44,16,1
977,2021.08.21,0,0,5,9,19,13,35,42,3,0
976,2021.08.14,7,3243867215,4,12,14,25,35,37,2,1
976,2021.08.14,0,0,28,25,21,26,35,13,7,0
975,2021.08.07,9,2440410375,7,8,9,17,22,24,5,1
975,2021.08.07,0,0,30,45,11,7,19,22,25,0
974,2021.07.31,17,1317034523,1,2,11,16,39,44,32,1
974,2021.07.31,0,0,32,39,27,40,1,43,23,0
973,2021.07.24,8,2912742750,22,26,31,37,41,42,24,1
973,2021.07.24,0,0,28,20,29,8,41,24,9,0
972,2021.07.17,20,1124886244,3,6,17,23,37,39,26,1
972,2021.07.17,0,0,18,1,34,44,3,28,23,0
971,2021.07.10,6,3725880250,2,6,17,18,21,26,7,1
971,2021.07.10,0,0,36,44,12,43,10,29,19,0
970,2021.07.03,14,1611544045,9,11,16,21,28,36,5,1
970,2021.07.03,0,0,33,16,19,44,14,41,17,0
969,2021.06.26,20,1149427894,3,9,10,29,40,45,7,1
969,2021.06.26,0,0,20,17,15,4,28,40,36,0
968,2021.06.19,13,1667729683,2,5,12,14,24,39,33,1
968,2021.06.19,0,0,44,20,38,2,30,27,1,0
967,2021.06.12,4,5809776094,1,6,13,37,38,40,9,1
967,2021.06.12,0,0,12,20,38,5,2,11,33,0
966,2021.06.05,10,2411303513,1,21,25,29,34,37,36,1
966,2021.06.05,0,0,33,40,20,11,22,4,36,0
965,2021.05.29,7,3403348929,2,13,25,28,29,36,34,1
965,2021.05.29,0,0,12,41,43,31,11,27,4,0
964,2021.05.22,10,2345861063,6,21,36,38,39,43,30,1
964,2021.05.22,0,0,33,42,9,22,2,28,37,0
963,2021.05.15,15,1476478125,6,12,19,23,34,42,35,1
963,2021.05.15,0,0,26,40,11,25,22,27,18,0
962,2021.05.08,12,1940906094,1,18,28,31,34,43,40,1
962,2021.05.08,0,0,34,4,19,8,16,7,23,0
961,2021.05.01,9,2575231209,11,20,29,31,33,42,43,1
961,2021.05.01,0,0,17,21,13,26,16,40,39,0
960,2021.04.24,10,2401133213,2,18,24,30,32,45,14,1
960,2021.04.24,0,0,38,9,14,30,2,25,10,0
959,2021.04.17,8,3015312891,1,14,15,24,40,41,35,1
959,2021.04.17,0,0,24,14,2,32,21,41,16,0
958,2021.04.10,15,1596119675,2,9,10,16,35,37,1,1
958,2021.04.10,0,0,35,38,6,24,15,13,20,0
957,2021.04.03,11,2126634137,4,15,24,35,36,40,1,1
957,2021.04.03,0,0,10,4,20,11,28,27,43,0
956,2021.03.27,11,2022982671,10,11,20,21,25,41,40,1
956,2021.03.27,0,0,29,1,15,25,16,41,42,0
955,2021.03.20,12,2023170188,4,9,23,26,29,33,8,1
955,2021.03.20,0,0,29,11,38,32,20,15,33,0
954,2021.03.13,10,2478795900,1,9,26,28,30,41,32,1
954,2021.03.13,0,0,35,44,30,17,22,5,27,0
953,2021.03.06,14,1640636009,7,9,22,27,37,42,34,1
953,2021.03.06,0,0,10,25,41,27,5,42,15,0
952,2021.02.27,9,2713699834,4,12,22,24,33,41,38,1
952,2021.02.27,0,0,43,40,22,19,39,30,31,0
951,2021.02.20,14,1747552661,2,12,30,31,39,43,38,1
951,2021.02.20,0,0,8,15,33,25,18,19,10,0
950,2021.02.13,8,3281920500,3,4,15,22,28,40,10,1
950,2021.02.13,0,0,3,20,34,13,1,29,12,0
949,2021.02.06,10,2458569713,14,21,35,36,40,44,30,1
949,2021.02.06,0,0,44,6,1,13,11,37,9,0
948,2021.01.30,11,2188548716,13,18,30,31,38,41,5,1
948,2021.01.30,0,0,3,25,11,27,13,17,34,0
947,2021.01.23,18,1275855750,3,8,17,20,27,35,26,1
947,2021.01.23,0,0,9,13,24,7,36,32,17,0
946,2021.01.16,11,2157656182,9,18,19,30,34,40,20,1
946,2021.01.16,0,0,26,13,6,2,16,4,22,0
945,2021.01.09,13,1765554491,9,10,15,30,33,37,26,1
945,2021.01.09,0,0,44,6,15,43,1,36,21,0
944,2021.01.02,13,1961836356,2,13,16,19,32,33,42,1
944,2021.01.02,0,0,39,38,4,26,34,32,22,0
943,2020.12.26,7,3435045108,1,8,13,36,44,45,39,1
943,2020.12.26,0,0,35,40,3,9,19,31,20,0
942,2020.12.19,6,3761680313,10,12,18,35,42,43,39,1
942,2020.12.19,0,0,10,6,20,23,8,12,14,0
941,2020.12.12,16,1347297422,12,14,25,27,39,40,35,1
941,2020.12.12,0,0,13,23,14,28,41,27,22,0
940,2020.12.05,8,2846071079,3,15,20,22,24,41,11,1
940,2020.12.05,0,0,33,37,16,30,43,28,8,0
939,2020.11.28,13,1708363039,4,11,28,39,42,45,6,1
939,2020.11.28,0,0,13,27,2,12,20,17,29,0
938,2020.11.21,10,2249466563,4,8,10,16,31,36,9,1
938,2020.11.21,0,0,2,11,26,5,38,7,36,0
937,2020.11.14,11,2058420819,2,10,13,22,29,40,26,1
937,2020.11.14,0,0,1,44,14,32,9,16,31,0
936,2020.11.07,14,1492069179,7,11,13,17,18,29,43,1
936,2020.11.07,0,0,3,25,41,37,15,19,27,0
935,2020.10.31,13,1711055424,4,10,20,32,38,44,18,1
935,2020.10.31,0,0,37,8,43,28,36,35,18,0
934,2020.10.24,4,5765772844,1,3,30,33,36,39,12,1
934,2020.10.24,0,0,14,7,21,28,18,19,25,0
933,2020.10.17,8,2927797079,23,27,29,31,36,45,37,1
933,2020.10.17,0,0,16,19,41,12,14,15,30,0
932,2020.10.10,7,3390022983,1,6,15,36,37,38,5,1
932,2020.10.10,0,0,41,5,9,8,13,7,1,0
931,2020.10.03,8,2957108063,14,15,23,25,35,43,32,1
931,2020.10.03,0,0,10,23,38,26,42,37,35,0
930,2020.09.26,8,2832418829,8,21,25,38,39,44,28,1
930,2020.09.26,0,0,31,36,17,45,11,6,23,0
929,2020.09.19,16,1308035157,7,9,12,15,19,23,4,1
929,2020.09.19,0,0,25,41,7,33,42,2,45,0
928,2020.09.12,7,3134591358,3,4,10,20,28,44,30,1
928,2020.09.12,0,0,18,21,25,37,10,5,16,0
927,2020.09.05,6,3714203875,4,15,22,38,41,43,26,1
927,2020.09.05,0,0,26,27,41,12,33,35,42,0
926,2020.08.29,10,2032490663,10,16,18,20,25,31,6,1
926,2020.08.29,0,0,44,31,3,14,7,13,20,0
925,2020.08.22,12,1771080532,13,24,32,34,39,42,4,1
925,2020.08.22,0,0,24,2,38,4,39,18,25,0
924,2020.08.15,9,2382430667,3,11,34,42,43,44,13,1
924,2020.08.15,0,0,36,42,34,41,31,19,2,0
923,2020.08.08,8,2667554625,3,17,18,23,36,41,26,1
923,2020.08.08,0,0,35,34,28,44,20,5,1,0
922,2020.08.01,6,3417904500,2,6,13,17,27,43,36,1
922,2020.08.01,0,0,42,39,37,14,20,21,23,0
921,2020.07.25,17,1232573405,5,7,12,22,28,41,1,1
921,2020.07.25,0,0,6,25,28,45,29,4,41,0
920,2020.07.18,7,3120260197,2,3,26,33,34,43,29,1
920,2020.07.18,0,0,30,33,19,41,5,39,43,0
919,2020.07.11,5,4305150450,9,14,17,18,42,44,35,1
919,2020.07.11,0,0,32,41,11,8,6,35,14,0
918,2020.07.04,18,1117622646,7,11,12,31,33,38,5,1
918,2020.07.04,0,0,34,23,27,18,43,19,25,0
917,2020.06.27,10,2144799638,1,3,23,24,27,43,34,1
917,2020.06.27,0,0,29,5,44,37,15,11,30,0
916,2020.06.20,11,2025384341,6,21,22,32,35,36,17,1
916,2020.06.20,0,0,27,41,13,12,34,3,18,0
915,2020.06.13,6,3518640500,2,6,11,13,22,37,14,1
915,2020.06.13,0,0,15,36,3,9,7,22,19,0
914,2020.06.06,11,1950005557,16,19,24,33,42,44,27,1
914,2020.06.06,0,0,8,27,36,20,15,19,14,0
913,2020.05.30,16,1338755602,6,14,16,21,27,37,40,1
913,2020.05.30,0,0,37,24,3,9,17,11,14,0
912,2020.05.23,14,1493500581,5,8,18,21,22,38,10,1
912,2020.05.23,0,0,30,23,13,32,20,27,7,0
911,2020.05.16,10,2113538625,4,5,12,14,32,42,35,1
911,2020.05.16,0,0,6,32,10,40,31,1,2,0
910,2020.05.09,21,941316375,1,11,17,27,35,39,31,1
910,2020.05.09,0,0,8,4,26,25,40,14,18,0
909,2020.05.02,11,2021062875,7,24,29,30,34,35,33,1
909,2020.05.02,0,0,33,16,32,17,29,2,9,0
908,2020.04.25,8,2834856141,3,16,21,22,23,44,30,1
908,2020.04.25,0,0,6,35,25,16,9,34,14,0
907,2020.04.18,7,3165059036,21,27,29,38,40,44,37,1
907,2020.04.18,0,0,1,29,2,15,36,32,23,0
906,2020.04.11,9,2472607250,2,5,14,28,31,32,20,1
906,2020.04.11,0,0,26,28,29,37,27,11,39,0
905,2020.04.04,7,3017862536,3,4,16,27,38,40,20,1
905,2020.04.04,0,0,20,7,41,27,38,22,4,0
904,2020.03.28,8,2718077813,2,6,8,26,43,45,11,1
904,2020.03.28,0,0,20,31,40,5,7,3,2,0
903,2020.03.21,13,1684582212,2,15,16,21,22,28,45,1
903,2020.03.21,0,0,7,9,37,44,33,31,20,0
902,2020.03.14,13,1619317529,7,19,23,24,36,39,30,1
902,2020.03.14,0,0,6,11,9,10,39,38,1,0
901,2020.03.07,9,2267974667,5,18,20,23,30,34,21,1
901,2020.03.07,0,0,3,22,31,15,5,45,17,0
900,2020.02.29,6,3349851375,7,13,16,18,35,38,14,1
900,2020.02.29,0,0,9,20,13,6,7,23,8,0
899,2020.02.22,6,3359356063,8,19,20,21,33,39,37,1
899,2020.02.22,0,0,2,35,28,20,16,7,22,0
898,2020.02.15,8,2639313235,18,21,28,35,37,42,17,1
898,2020.02.15,0,0,2,42,16,43,1,33,35,0
897,2020.02.08,13,1619922520,6,7,12,22,26,36,29,1
897,2020.02.08,0,0,36,5,19,10,34,26,44,0
896,2020.02.01,7,3053222036,5,12,25,26,38,45,23,1
896,2020.02.01,0,0,42,17,43,23,13,32,45,0
895,2020.01.25,12,1928079219,16,26,31,38,39,41,23,1
895,2020.01.25,0,0,31,33,22,18,21,39,7,0
894,2020.01.18,9,2377935959,19,32,37,40,41,43,45,1
894,2020.01.18,0,0,15,6,10,37,38,24,33,0
893,2020.01.11,9,2377433625,1,15,17,23,25,41,10,1
893,2020.01.11,0,0,6,40,20,45,28,17,12,0
892,2020.01.04,17,1282017464,4,9,17,18,26,42,36,1
892,2020.01.04,0,0,42,18,13,20,8,26,11,0
891,2019.12.28,7,3082673947,9,13,28,31,39,41,19,1
891,2019.12.28,0,0,36,28,11,19,6,27,37,0
890,2019.12.21,9,2335486167,1,4,14,18,29,37,6,1
890,2019.12.21,0,0,24,6,39,26,15,11,31,0
889,2019.12.14,10,2108986950,3,13,29,38,39,42,26,1
889,2019.12.14,0,0,22,40,39,24,18,33,19,0
888,2019.12.07,8,2370359204,3,7,12,31,34,38,32,1
888,2019.12.07,0,0,31,14,41,34,6,39,10,0
887,2019.11.30,8,2535268688,8,14,17,27,36,45,10,1
887,2019.11.30,0,0,34,8,30,11,2,31,32,0
886,2019.11.23,7,2974643786,19,23,28,37,42,45,2,1
886,2019.11.23,0,0,14,33,20,22,3,13,4,0
885,2019.11.16,13,1543832568,1,3,24,27,39,45,31,1
885,2019.11.16,0,0,4,19,44,28,8,45,26,0
884,2019.11.09,12,1799077282,4,14,23,28,37,45,17,1
884,2019.11.09,0,0,12,44,11,13,2,24,32,0
883,2019.11.02,15,1360519525,9,18,32,33,37,44,22,1
883,2019.11.02,0,0,13,39,3,23,31,25,6,0
882,2019.10.26,5,4127270400,18,34,39,43,44,45,23,1
882,2019.10.26,0,0,9,5,28,23,42,31,20,0
881,2019.10.19,8,2503212282,4,18,20,26,27,32,9,1
881,2019.10.19,0,0,31,42,37,36,16,43,22,0
880,2019.10.12,7,2837810465,7,17,19,23,24,45,38,1
880,2019.10.12,0,0,43,36,8,24,34,2,42,0
879,2019.10.05,6,3206361313,1,4,10,14,15,35,20,1
879,2019.10.05,0,0,41,24,43,2,38,19,17,0
878,2019.09.28,6,3207993500,2,6,11,16,25,31,3,1
878,2019.09.28,0,0,22,31,27,19,28,25,6,0
877,2019.09.21,12,1716607188,5,17,18,22,23,43,12,1
877,2019.09.21,0,0,36,43,13,31,22,45,28,0
876,2019.09.14,19,1090657856,5,16,21,26,34,42,24,1
876,2019.09.14,0,0,32,13,26,1,43,33,19,0
875,2019.09.07,14,1415946724,19,22,30,34,39,44,36,1
875,2019.09.07,0,0,25,45,39,24,40,23,13,0
874,2019.08.31,18,1117123917,1,15,19,23,28,42,32,1
874,2019.08.31,0,0,36,13,33,5,24,8,23,0
873,2019.08.24,10,1874553225,3,5,12,13,33,39,38,1
873,2019.08.24,0,0,27,45,38,29,26,5,32,0
872,2019.08.17,16,1262705579,2,4,30,32,33,43,29,1
872,2019.08.17,0,0,10,19,17,44,35,6,8,0
871,2019.08.10,7,2718071358,2,6,12,26,30,34,38,1
871,2019.08.10,0,0,28,29,32,36,12,27,3,0
870,2019.08.03,10,1928842988,21,25,30,32,40,42,31,1
870,2019.08.03,0,0,2,3,5,23,18,32,7,0
869,2019.07.27,10,1922582588,2,6,20,27,37,39,4,1
869,2019.07.27,0,0,36,45,31,6,4,18,42,0
868,2019.07.20,6,3233804250,12,17,28,41,43,44,25,1
868,2019.07.20,0,0,17,20,26,39,5,43,13,0
867,2019.07.13,5,3933755250,14,17,19,22,24,40,41,1
867,2019.07.13,0,0,14,3,10,37,21,38,1,0
866,2019.07.06,9,2240409000,9,15,29,34,37,39,12,1
866,2019.07.06,0,0,8,14,10,6,15,20,27,0
865,2019.06.29,13,1551729145,3,15,22,32,33,45,2,1
865,2019.06.29,0,0,5,43,6,44,31,12,14,0
864,2019.06.22,11,1716553637,3,7,10,13,25,36,32,1
864,2019.06.22,0,0,28,41,4,3,26,35,25,0
863,2019.06.15,7,2853357322,16,21,28,35,39,43,12,1
863,2019.06.15,0,0,24,1,23,34,30,2,41,0
862,2019.06.08,9,2190922709,10,34,38,40,42,43,32,1
862,2019.06.08,0,0,12,8,37,5,32,24,11,0
861,2019.06.01,4,4872108844,11,17,19,21,22,25,24,1
861,2019.06.01,0,0,45,37,36,29,10,18,40,0
860,2019.05.25,10,1879899825,4,8,18,25,27,32,42,1
860,2019.05.25,0,0,12,40,43,37,45,36,34,0
859,2019.05.18,11,1853927489,8,22,35,38,39,41,24,1
859,2019.05.18,0,0,11,3,21,43,44,23,2,0
858,2019.05.11,9,2202347459,9,13,32,38,39,43,23,1
858,2019.05.11,0,0,34,15,30,36,13,37,1,0
857,2019.05.04,15,1284915425,6,10,16,28,34,38,43,1
857,2019.05.04,0,0,44,18,34,45,22,28,2,0
856,2019.04.27,5,3977927550,10,24,40,41,43,44,17,1
856,2019.04.27,0,0,23,4,32,18,9,27,16,0
855,2019.04.20,9,2269510500,8,15,17,19,43,44,7,1
855,2019.04.20,0,0,13,17,3,27,20,12,39,0
854,2019.04.13,6,3421706750,20,25,31,32,36,43,3,1
854,2019.04.13,0,0,37,4,10,13,34,2,35,0
853,2019.04.06,7,2885006786,2,8,23,26,27,44,13,1
853,2019.04.06,0,0,42,11,25,28,24,9,31,0
852,2019.03.30,4,4801543407,11,17,28,30,33,35,9,1
852,2019.03.30,0,0,1,35,15,28,43,12,44,0
851,2019.03.23,8,2483692313,14,18,22,26,31,44,40,1
851,2019.03.23,0,0,6,41,42,30,24,10,17,0
850,2019.03.16,6,3377587875,16,20,24,28,36,39,5,1
850,2019.03.16,0,0,2,39,45,18,1,40,31,0
849,2019.03.09,17,1158252883,5,13,17,29,34,39,3,1
849,2019.03.09,0,0,3,25,43,37,27,9,31,0
848,2019.03.02,7,3011580858,1,2,16,22,38,39,34,1
848,2019.03.02,0,0,31,12,40,1,3,38,36,0
847,2019.02.23,8,2520846657,12,16,26,28,30,42,22,1
847,2019.02.23,0,0,21,40,26,10,24,5,12,0
846,2019.02.16,13,1596884395,5,18,30,41,43,45,13,1
846,2019.02.16,0,0,2,20,39,24,37,19,16,0
845,2019.02.09,11,1891217182,1,16,29,33,40,45,6,1
845,2019.02.09,0,0,41,16,15,27,35,2,29,0
844,2019.02.02,18,1162963542,7,8,13,15,33,45,18,1
844,2019.02.02,0,0,28,32,29,36,9,15,13,0
843,2019.01.26,5,4012970100,19,21,30,33,34,42,4,1
843,2019.01.26,0,0,43,32,8,42,33,30,25,0
842,2019.01.19,10,2035475025,14,26,32,36,39,42,38,1
842,2019.01.19,0,0,15,31,40,42,19,13,36,0
841,2019.01.12,17,1116095714,5,11,14,30,33,38,24,1
841,2019.01.12,0,0,15,24,36,10,35,16,4,0
840,2019.01.05,10,2042961788,2,4,11,28,29,43,27,1
840,2019.01.05,0,0,18,45,16,13,11,30,21,0
839,2018.12.29,13,1359454904,3,9,11,12,13,19,35,1
839,2018.12.29,0,0,28,38,31,8,15,6,24,0
838,2018.12.22,5,3813733050,9,14,17,33,36,38,20,1
838,2018.12.22,0,0,28,22,18,2,30,6,13,0
837,2018.12.15,6,3144449125,2,25,28,30,33,45,6,1
837,2018.12.15,0,0,22,45,14,1,13,28,8,0
836,2018.12.08,14,1257843670,1,9,11,14,26,28,19,1
836,2018.12.08,0,0,2,7,3,4,18,32,40,0
835,2018.12.01,15,1233681125,9,10,13,28,38,45,35,1
835,2018.12.01,0,0,19,23,29,3,5,8,1,0
834,2018.11.24,11,1690693671,6,8,18,35,42,43,3,1
834,2018.11.24,0,0,41,29,25,24,2,26,35,0
833,2018.11.17,8,2356317282,12,18,30,39,41,42,19,1
833,2018.11.17,0,0,28,44,13,40,39,4,15,0
832,2018.11.10,9,2088204584,13,14,19,26,40,43,30,1
832,2018.11.10,0,0,25,31,16,19,37,14,36,0
831,2018.11.03,16,1110702258,3,10,16,19,31,39,9,1
831,2018.11.03,0,0,18,9,41,1,12,10,6,0
830,2018.10.27,9,2060528750,5,6,16,18,37,38,17,1
830,2018.10.27,0,0,23,29,18,40,6,3,36,0
829,2018.10.20,8,2444650641,4,5,31,35,43,45,29,1
829,2018.10.20,0,0,42,44,27,5,1,28,29,0
828,2018.10.13,13,1455185972,4,7,13,29,31,39,18,1
828,2018.10.13,0,0,19,37,34,38,16,42,13,0
827,2018.10.06,15,1206500375,5,11,12,29,33,44,14,1
827,2018.10.06,0,0,22,5,7,29,3,45,39,0
826,2018.09.29,9,2075192084,13,16,24,25,33,36,42,1
826,2018.09.29,0,0,13,34,45,29,5,38,35,0
825,2018.09.22,12,1658710563,8,15,21,31,33,38,42,1
825,2018.09.22,0,0,32,33,4,3,28,31,41,0
824,2018.09.15,15,1256646550,7,9,24,29,34,38,26,1
824,2018.09.15,0,0,13,31,18,2,20,36,14,0
823,2018.09.08,9,2009843917,12,18,24,26,39,40,15,1
823,2018.09.08,0,0,42,24,6,44,27,12,43,0
822,2018.09.01,3,5930898625,9,18,20,24,27,36,12,1
822,2018.09.01,0,0,4,9,24,40,7,10,19,0
821,2018.08.25,14,1316155956,1,12,13,24,29,44,16,1
821,2018.08.25,0,0,29,30,14,35,27,26,39,0
820,2018.08.18,4,4627313532,10,21,22,30,35,42,6,1
820,2018.08.18,0,0,14,24,17,40,16,32,35,0
819,2018.08.11,7,2594534840,16,25,33,38,40,45,15,1
819,2018.08.11,0,0,45,35,22,2,25,24,42,0
818,2018.08.04,13,1380804318,14,15,25,28,29,30,3,1
818,2018.08.04,0,0,36,25,7,15,21,32,3,0
817,2018.07.28,9,1868477334,3,9,12,13,25,43,34,1
817,2018.07.28,0,0,33,28,9,7,21,8,4,0
816,2018.07.21,8,2128107938,12,18,19,29,31,39,7,1
816,2018.07.21,0,0,18,25,31,11,41,1,44,0
815,2018.07.14,7,2579855358,17,21,25,26,27,36,4,1
815,2018.07.14,0,0,40,34,23,8,31,12,18,0
814,2018.07.07,6,3067192063,2,21,28,38,42,45,30,1
814,2018.07.07,0,0,4,34,1,14,44,7,6,0
813,2018.06.30,4,4591763157,11,30,34,35,42,44,27,1
813,2018.06.30,0,0,7,13,27,42,41,12,36,0
812,2018.06.23,6,2947954750,1,3,12,14,16,43,10,1
812,2018.06.23,0,0,39,37,2,43,21,12,31,0
811,2018.06.16,7,2524148197,8,11,19,21,36,45,25,1
811,2018.06.16,0,0,38,14,34,45,39,16,19,0
810,2018.06.09,8,2231598047,5,10,13,21,39,43,11,1
810,2018.06.09,0,0,31,43,25,5,20,23,29,0
809,2018.06.02,6,2921372750,6,11,15,17,23,40,39,1
809,2018.06.02,0,0,7,35,43,42,14,15,30,0
808,2018.05.26,6,3087620500,15,21,31,32,41,43,24,1
808,2018.05.26,0,0,14,5,34,17,35,2,16,0
807,2018.05.19,7,2437662322,6,10,18,25,34,35,33,1
807,2018.05.19,0,0,20,37,1,33,25,30,16,0
806,2018.05.12,7,2640760875,14,20,23,31,37,38,27,1
806,2018.05.12,0,0,13,41,26,23,14,43,2,0
805,2018.05.05,4,4266061969,3,12,13,18,31,32,42,1
805,2018.05.05,0,0,43,4,24,34,20,33,40,0
804,2018.04.28,11,1631996523,1,10,13,26,32,36,9,1
804,2018.04.28,0,0,26,35,4,1,41,38,7,0
803,2018.04.21,5,3663810225,5,9,14,26,30,43,2,1
803,2018.04.21,0,0,6,17,8,2,21,44,15,0
802,2018.04.14,16,1082947993,10,11,12,18,24,42,27,1
802,2018.04.14,0,0,29,11,18,41,2,28,35,0
801,2018.04.07,8,2256786657,17,25,28,37,43,44,2,1
801,2018.04.07,0,0,27,43,1,3,44,11,37,0
800,2018.03.31,11,1632246205,1,4,10,12,28,45,26,1
800,2018.03.31,0,0,9,34,20,44,8,10,19,0
799,2018.03.24,10,1826427225,12,17,23,34,42,45,33,1
799,2018.03.24,0,0,8,29,37,33,31,36,14,0
798,2018.03.17,7,2710791911,2,10,14,22,32,36,41,1
798,2018.03.17,0,0,13,35,2,45,19,24,39,0
797,2018.03.10,8,2397028125,5,22,31,32,39,45,36,1
797,2018.03.10,0,0,44,37,31,41,29,16,39,0
796,2018.03.03,7,2763490340,1,21,26,36,40,41,5,1
796,2018.03.03,0,0,38,11,35,43,7,6,8,0
795,2018.02.24,11,1714977000,3,10,13,26,34,38,36,1
795,2018.02.24,0,0,21,17,45,36,39,11,31,0
794,2018.02.17,7,2650940304,6,7,18,19,30,38,13,1
794,2018.02.17,0,0,20,10,18,38,39,15,26,0
793,2018.02.10,5,3750146775,10,15,21,35,38,43,31,1
793,2018.02.10,0,0,29,14,15,27,44,4,6,0
792,2018.02.03,7,2655736768,2,7,19,25,29,36,16,1
792,2018.02.03,0,0,20,39,21,41,23,42,2,0
791,2018.01.27,14,1253081893,2,10,12,31,33,42,32,1
791,2018.01.27,0,0,14,3,15,26,30,1,18,0
790,2018.01.20,16,1160516274,3,8,19,27,30,41,12,1
790,2018.01.20,0,0,32,22,31,13,26,2,27,0
789,2018.01.13,15,1140976825,2,6,7,12,19,45,38,1
789,2018.01.13,0,0,40,30,28,8,9,43,27,0
788,2018.01.06,13,1401475154,2,10,11,19,35,39,29,1
788,2018.01.06,0,0,32,18,37,41,8,36,24,0
787,2017.12.30,6,3092108313,5,6,13,16,27,28,9,1
787,2017.12.30,0,0,7,5,24,2,41,20,17,0
786,2017.12.23,4,4551365250,12,15,16,20,24,30,38,1
786,2017.12.23,0,0,28,22,12,6,45,9,10,0
785,2017.12.16,6,2886622688,4,6,15,25,26,33,40,1
785,2017.12.16,0,0,7,39,1,28,2,20,23,0
784,2017.12.09,9,1908678000,3,10,23,24,31,39,22,1
784,2017.12.09,0,0,34,18,16,10,1,21,27,0
783,2017.12.02,4,4603964625,14,15,16,17,38,45,36,1
783,2017.12.02,0,0,29,36,27,31,28,43,17,0
782,2017.11.25,9,1946487625,6,18,31,34,38,45,20,1
782,2017.11.25,0,0,36,28,42,6,16,8,34,0
781,2017.11.18,9,1882891542,11,16,18,19,24,39,43,1
781,2017.11.18,0,0,38,7,44,30,35,31,11,0
780,2017.11.11,11,1667520137,15,17,19,21,27,45,16,1
780,2017.11.11,0,0,37,15,39,44,30,43,26,0
779,2017.11.04,11,1527709296,6,12,19,24,34,41,4,1
779,2017.11.04,0,0,29,9,8,24,23,44,7,0
778,2017.10.28,3,6264069500,6,21,35,36,37,41,11,1
778,2017.10.28,0,0,22,9,37,34,31,4,30,0
777,2017.10.21,21,833468036,6,12,17,21,34,37,18,1
777,2017.10.21,0,0,14,44,13,7,18,34,6,0
776,2017.10.14,7,2557579393,8,9,18,21,28,40,20,1
776,2017.10.14,0,0,39,28,42,36,27,6,8,0
775,2017.10.07,5,3470437650,11,12,29,33,38,42,17,1
775,2017.10.07,0,0,15,21,10,22,13,40,28,0
774,2017.09.30,11,1709721512,12,15,18,28,34,42,9,1
774,2017.09.30,0,0,41,25,4,11,3,6,7,0
773,2017.09.23,11,1609403080,8,12,19,21,31,35,44,1
773,2017.09.23,0,0,34,5,25,37,28,35,16,0
772,2017.09.16,10,1769608838,5,6,11,14,21,41,32,1
772,2017.09.16,0,0,10,39,35,11,4,26,18,0
771,2017.09.09,4,4362644907,6,10,17,18,21,29,30,1
771,2017.09.09,0,0,4,7,6,21,40,22,42,0
770,2017.09.02,8,2163099329,1,9,12,23,39,43,34,1
770,2017.09.02,0,0,16,15,32,6,37,26,10,0
769,2017.08.26,9,1930760042,5,7,11,16,41,45,4,1
769,2017.08.26,0,0,19,31,33,45,9,30,37,0
768,2017.08.19,13,1363572260,7,27,29,30,38,44,4,1
768,2017.08.19,0,0,31,30,25,11,34,26,17,0
767,2017.08.12,15,1163768725,5,15,20,31,34,42,22,1
767,2017.08.12,0,0,40,26,31,10,15,43,11,0
766,2017.08.05,8,2173637297,9,30,34,35,39,41,21,1
766,2017.08.05,0,0,40,2,6,42,14,29,31,0
765,2017.07.29,15,1109214250,1,3,8,12,42,43,33,1
765,2017.07.29,0,0,39,34,5,24,15,36,18,0
764,2017.07.22,7,2459975465,7,22,24,31,34,36,15,1
764,2017.07.22,0,0,1,3,39,45,36,28,25,0
763,2017.07.15,8,2138130000,3,8,16,32,34,43,10,1
763,2017.07.15,0,0,38,45,15,8,23,44,42,0
762,2017.07.08,10,1631432063,1,3,12,21,26,41,16,1
762,2017.07.08,0,0,22,7,21,5,31,20,13,0
761,2017.07.01,7,2392730518,4,7,11,24,42,45,30,1
761,2017.07.01,0,0,26,33,32,12,21,13,36,0
760,2017.06.24,8,2253299391,10,22,27,31,42,43,12,1
760,2017.06.24,0,0,39,26,9,25,36,44,45,0
759,2017.06.17,6,3032670500,9,33,36,40,42,43,32,1
759,2017.06.17,0,0,3,35,43,36,40,26,31,0
758,2017.06.10,8,2078969954,5,9,12,30,39,43,24,1
758,2017.06.10,0,0,4,23,16,21,8,6,14,0
757,2017.06.03,21,739839858,6,7,11,17,33,44,1,1
757,2017.06.03,0,0,32,43,44,2,38,23,37,0
756,2017.05.27,5,3414434700,10,14,16,18,27,28,4,1
756,2017.05.27,0,0,23,22,12,10,29,37,25,0
755,2017.05.20,8,2214427266,13,14,26,28,30,36,37,1
755,2017.05.20,0,0,7,30,6,41,2,13,23,0
754,2017.05.13,5,3427542000,2,8,17,24,29,31,32,1
754,2017.05.13,0,0,12,28,38,35,17,45,31,0
753,2017.05.06,6,2711105063,2,17,19,24,37,41,3,1
753,2017.05.06,0,0,11,23,31,22,32,7,45,0
752,2017.04.29,9,1870358834,4,16,20,33,40,43,7,1
752,2017.04.29,0,0,37,45,5,35,12,39,23,0
751,2017.04.22,8,2097968110,3,4,16,20,28,44,17,1
751,2017.04.22,0,0,30,44,9,45,31,19,16,0
750,2017.04.15,7,2522104286,1,2,15,19,24,36,12,1
750,2017.04.15,0,0,10,35,24,15,20,22,14,0
749,2017.04.08,13,1350104395,12,14,24,26,34,45,41,1
749,2017.04.08,0,0,26,2,29,7,23,40,15,0
748,2017.04.01,9,1928246542,3,10,13,22,31,32,29,1
748,2017.04.01,0,0,33,26,30,22,39,27,12,0
747,2017.03.25,9,1903214584,7,9,12,14,23,28,17,1
747,2017.03.25,0,0,1,23,17,15,36,38,24,0
746,2017.03.18,9,2038623709,3,12,33,36,42,45,25,1
746,2017.03.18,0,0,41,2,34,9,36,15,38,0
745,2017.03.11,20,746822982,1,2,3,9,12,23,10,1
745,2017.03.11,0,0,5,23,25,22,1,21,17,0
744,2017.03.04,15,1155411575,10,15,18,21,34,41,43,1
744,2017.03.04,0,0,10,25,1,22,3,38,8,0
743,2017.02.25,7,2608641000,15,19,21,34,41,44,10,1
743,2017.02.25,0,0,45,34,10,22,38,28,17,0
742,2017.02.18,16,1111814813,8,10,13,36,37,40,6,1
742,2017.02.18,0,0,26,38,32,28,1,40,2,0
741,2017.02.11,6,3043595938,5,21,27,34,44,45,16,1
741,2017.02.11,0,0,1,40,4,16,17,36,31,0
740,2017.02.04,18,936929792,4,8,9,16,17,19,31,1
740,2017.02.04,0,0,11,10,41,16,6,15,33,0
739,2017.01.28,4,4744122282,7,22,29,33,34,35,30,1
739,2017.01.28,0,0,15,43,30,31,40,41,16,0
738,2017.01.21,11,1634191091,23,27,28,38,42,43,36,1
738,2017.01.21,0,0,33,43,26,38,30,18,8,0
737,2017.01.14,4,4283061000,13,15,18,24,27,41,11,1
737,2017.01.14,0,0,31,12,34,4,18,43,9,0
736,2017.01.07,5,3397362225,2,11,17,18,21,27,6,1
736,2017.01.07,0,0,8,16,24,14,25,13,40,0
735,2016.12.31,10,1847231588,5,10,13,27,37,41,4,1
735,2016.12.31,0,0,44,19,37,4,38,24,25,0
734,2016.12.24,9,1949395500,6,16,37,38,41,45,18,1
734,2016.12.24,0,0,38,19,27,28,11,9,40,0
733,2016.12.17,4,4016725125,11,24,32,33,35,40,13,1
733,2016.12.17,0,0,42,8,13,37,5,25,20,0
732,2016.12.10,7,2203270608,2,4,5,17,27,32,43,1
732,2016.12.10,0,0,19,29,37,21,4,35,2,0
731,2016.12.03,7,2340471054,2,7,13,25,42,45,39,1
731,2016.12.03,0,0,31,8,28,38,40,12,16,0
730,2016.11.26,8,2017382110,4,10,14,15,18,22,39,1
730,2016.11.26,0,0,40,19,7,33,41,9,42,0
729,2016.11.19,4,4198250719,11,17,21,26,36,45,16,1
729,2016.11.19,0,0,15,4,32,12,14,30,9,0
728,2016.11.12,5,3243464400,3,6,10,30,34,37,36,1
728,2016.11.12,0,0,33,14,41,13,25,1,34,0
727,2016.11.05,14,1115107742,7,8,10,19,21,31,20,1
727,2016.11.05,0,0,12,4,16,8,40,5,1,0
726,2016.10.29,14,1166872634,1,11,21,23,34,44,24,1
726,2016.10.29,0,0,3,44,36,18,25,41,43,0
725,2016.10.22,11,1579217250,6,7,19,21,41,43,38,1
725,2016.10.22,0,0,37,43,26,22,45,1,5,0
724,2016.10.15,12,1427789813,2,8,33,35,37,41,14,1
724,2016.10.15,0,0,38,21,15,11,5,26,43,0
723,2016.10.08,8,2114365360,20,30,33,35,36,44,22,1
723,2016.10.08,0,0,22,39,20,45,15,33,35,0
722,2016.10.01,4,4365422719,12,14,21,30,39,43,45,1
722,2016.10.01,0,0,5,12,44,20,43,7,26,0
721,2016.09.24,8,2273767360,1,28,35,41,43,44,31,1
721,2016.09.24,0,0,26,11,20,43,41,37,39,0
720,2016.09.17,14,1233770358,1,12,29,34,36,37,41,1
720,2016.09.17,0,0,29,36,42,17,10,19,38,0
719,2016.09.10,9,1879581334,4,8,13,19,20,43,26,1
719,2016.09.10,0,0,31,17,37,2,18,10,15,0
718,2016.09.03,17,926166464,4,11,20,23,32,39,40,1
718,2016.09.03,0,0,34,8,39,37,13,29,2,0
717,2016.08.27,6,2702433688,2,11,19,25,28,32,44,1
717,2016.08.27,0,0,45,35,40,27,16,44,42,0
716,2016.08.20,12,1358752157,2,6,13,16,29,30,21,1
716,2016.08.20,0,0,30,40,37,36,2,17,21,0
715,2016.08.13,6,2605510438,2,7,27,33,41,44,10,1
715,2016.08.13,0,0,5,34,10,29,24,22,14,0
714,2016.08.06,7,2085131733,1,7,22,33,37,40,20,1
714,2016.08.06,0,0,33,30,26,7,42,18,11,0
713,2016.07.30,9,1714720917,2,5,15,18,19,23,44,1
713,2016.07.30,0,0,4,2,43,9,23,33,21,0
712,2016.07.23,4,4034485125,17,20,30,31,33,45,19,1
712,2016.07.23,0,0,42,22,9,37,43,7,11,0
711,2016.07.16,7,2277413358,11,15,24,35,37,45,42,1
711,2016.07.16,0,0,43,18,39,40,21,33,9,0
710,2016.07.09,5,2895441150,3,4,9,24,25,33,10,1
710,2016.07.09,0,0,31,28,6,19,11,25,26,0
709,2016.07.02,14,1165271625,10,18,30,36,39,44,32,1
709,2016.07.02,0,0,18,4,6,28,7,11,1,0
708,2016.06.25,4,4099552219,2,10,16,19,34,45,1,1
708,2016.06.25,0,0,6,3,14,39,2,26,17,0
707,2016.06.18,12,1322167313,2,12,19,24,39,44,35,1
707,2016.06.18,0,0,36,38,25,44,10,33,7,0
706,2016.06.11,4,3831746063,3,4,6,10,28,30,37,1
706,2016.06.11,0,0,6,3,36,44,9,24,5,0
705,2016.06.04,4,3987206532,1,6,17,22,28,45,23,1
705,2016.06.04,0,0,41,23,6,36,21,29,4,0
704,2016.05.28,4,3865190344,1,4,8,23,33,42,45,1
704,2016.05.28,0,0,26,29,33,41,2,37,17,0
703,2016.05.21,5,3235784100,10,28,31,33,41,44,21,1
703,2016.05.21,0,0,21,25,31,42,20,24,12,0
702,2016.05.14,11,1465091387,3,13,16,24,26,29,9,1
702,2016.05.14,0,0,32,40,4,20,13,41,24,0
701,2016.05.07,10,1583183175,3,10,14,16,36,38,35,1
701,2016.05.07,0,0,32,17,45,25,8,19,5,0
700,2016.04.30,8,2082099188,11,23,28,29,30,44,13,1
700,2016.04.30,0,0,29,21,10,19,16,23,14,0
699,2016.04.23,8,1995411375,4,5,8,16,21,29,3,1
699,2016.04.23,0,0,26,1,8,33,44,2,24,0
698,2016.04.16,8,1921084125,3,11,13,21,33,37,18,1
698,2016.04.16,0,0,17,20,10,12,40,44,32,0
697,2016.04.09,10,1531443038,2,5,8,11,33,39,31,1
697,2016.04.09,0,0,39,24,7,36,22,42,4,0
696,2016.04.02,10,1632054413,1,7,16,18,34,38,21,1
696,2016.04.02,0,0,12,28,6,42,37,43,36,0
695,2016.03.26,11,1450214830,4,18,26,33,34,38,14,1
695,2016.03.26,0,0,6,41,31,16,38,3,17,0
694,2016.03.19,10,1555036388,7,15,20,25,33,43,12,1
694,2016.03.19,0,0,44,14,3,40,45,28,37,0
693,2016.03.12,10,1642763813,1,6,11,28,34,42,30,1
693,2016.03.12,0,0,38,33,42,17,36,45,1,0
692,2016.03.05,7,2301273697,3,11,14,15,32,36,44,1
692,2016.03.05,0,0,1,7,12,22,11,19,5,0
691,2016.02.27,6,2839296750,15,27,33,35,43,45,16,1
691,2016.02.27,0,0,27,29,31,38,20,16,7,0
690,2016.02.20,15,1126507625,24,25,33,34,38,39,43,1
690,2016.02.20,0,0,23,34,36,16,3,31,21,0
689,2016.02.13,7,2321775911,7,17,19,30,36,38,34,1
689,2016.02.13,0,0,21,25,24,23,33,9,4,0
688,2016.02.06,9,1967536750,5,15,22,23,34,35,2,1
688,2016.02.06,0,0,32,45,10,13,39,21,12,0
687,2016.01.30,6,2720029313,1,8,10,13,28,42,45,1
687,2016.01.30,0,0,40,24,27,39,12,45,32,0
686,2016.01.23,8,1937531719,7,12,15,24,25,43,13,1
686,2016.01.23,0,0,42,27,8,10,43,2,7,0
685,2016.01.16,11,1494367671,6,7,12,28,38,40,18,1
685,2016.01.16,0,0,9,10,42,34,15,33,29,0
684,2016.01.09,9,1688815709,1,11,15,17,25,39,40,1
684,2016.01.09,0,0,15,8,2,37,10,39,6,0
683,2016.01.02,16,1010930883,6,13,20,27,28,40,15,1
683,2016.01.02,0,0,32,13,26,14,25,30,37,0
682,2015.12.26,4,4063713563,17,23,27,35,38,43,2,1
682,2015.12.26,0,0,29,7,27,43,9,5,44,0
681,2015.12.19,6,2696328938,21,24,27,29,43,44,7,1
681,2015.12.19,0,0,9,35,28,34,25,44,19,0
680,2015.12.12,14,1110570563,4,10,19,29,32,42,30,1
680,2015.12.12,0,0,30,14,34,6,45,21,13,0
679,2015.12.05,5,2863005600,3,5,7,14,26,34,35,1
679,2015.12.05,0,0,40,25,3,24,4,43,19,0
678,2015.11.28,6,2288490188,4,5,6,12,25,37,45,1
678,2015.11.28,0,0,44,24,35,5,31,8,16,0
677,2015.11.21,8,1921114407,12,15,24,36,41,44,42,1
677,2015.11.21,0,0,21,14,39,30,31,20,3,0
676,2015.11.14,8,1879726500,1,8,17,34,39,45,27,1
676,2015.11.14,0,0,12,18,9,4,33,20,25,0
675,2015.11.07,4,3514549032,1,8,11,15,18,45,7,1
675,2015.11.07,0,0,39,20,15,10,33,11,14,0
674,2015.10.31,8,1770565500,9,10,14,25,27,31,11,1
674,2015.10.31,0,0,13,40,11,34,37,20,45,0
673,2015.10.24,10,1491453300,7,10,17,29,33,44,5,1
673,2015.10.24,0,0,45,10,20,44,1,39,29,0
672,2015.10.17,9,1754745000,8,21,28,31,36,45,43,1
672,2015.10.17,0,0,37,39,36,4,23,13,19,0
671,2015.10.10,4,3722322844,7,9,10,13,31,35,24,1
671,2015.10.10,0,0,36,31,11,38,30,17,13,0
670,2015.10.03,12,1191725219,11,18,26,27,40,41,25,1
670,2015.10.03,0,0,29,43,9,4,21,37,42,0
669,2015.09.26,6,2708173188,7,8,20,29,33,38,9,1
669,2015.09.26,0,0,15,14,36,17,2,41,23,0
668,2015.09.19,5,2991158625,12,14,15,24,27,32,3,1
668,2015.09.19,0,0,30,20,7,26,31,8,43,0
667,2015.09.12,7,2228764393,15,17,25,37,42,43,13,1
667,2015.09.12,0,0,13,33,3,20,19,25,6,0
666,2015.09.05,6,2396901063,2,4,6,11,17,28,16,1
666,2015.09.05,0,0,43,36,4,30,35,31,37,0
665,2015.08.29,4,3643230375,5,6,11,17,38,44,13,1
665,2015.08.29,0,0,25,33,43,21,23,40,11,0
664,2015.08.22,10,1536801338,10,20,33,36,41,44,5,1
664,2015.08.22,0,0,40,29,18,21,44,45,39,0
663,2015.08.15,7,2080244143,3,5,8,19,38,42,20,1
663,2015.08.15,0,0,32,2,13,23,3,14,31,0
662,2015.08.08,8,1689733688,5,6,9,11,15,37,26,1
662,2015.08.08,0,0,15,4,25,28,18,26,22,0
661,2015.08.01,8,1713025547,2,3,12,20,27,38,40,1
661,2015.08.01,0,0,14,1,23,25,15,21,39,0
660,2015.07.25,10,1421272575,4,9,23,33,39,44,14,1
660,2015.07.25,0,0,1,22,15,36,43,42,29,0
659,2015.07.18,11,1336604216,7,18,19,27,29,42,45,1
659,2015.07.18,0,0,10,38,29,42,26,45,21,0
658,2015.07.11,9,1634031375,8,19,25,28,32,36,37,1
658,2015.07.11,0,0,4,34,22,24,8,14,32,0
657,2015.07.04,9,1694762792,10,14,19,39,40,43,23,1
657,2015.07.04,0,0,26,38,43,7,37,2,11,0
656,2015.06.27,2,7330002750,3,7,14,16,31,40,39,1
656,2015.06.27,0,0,41,20,30,45,36,25,31,0
655,2015.06.20,9,1661439625,7,37,38,39,40,44,18,1
655,2015.06.20,0,0,32,35,34,40,8,1,16,0
654,2015.06.13,8,1879301391,16,21,26,31,36,43,6,1
654,2015.06.13,0,0,43,22,37,25,40,18,24,0
653,2015.06.06,14,980958670,5,6,26,27,38,39,1,1
653,2015.06.06,0,0,17,12,40,33,21,9,13,0
652,2015.05.30,5,3003483525,3,13,15,40,41,44,20,1
652,2015.05.30,0,0,44,22,24,42,37,21,23,0
651,2015.05.23,8,1855306454,11,12,16,26,29,44,18,1
651,2015.05.23,0,0,21,17,45,32,9,39,10,0
650,2015.05.16,5,2849298900,3,4,7,11,31,41,35,1
650,2015.05.16,0,0,5,38,25,40,6,30,22,0
649,2015.05.09,5,2948042100,3,21,22,33,41,42,20,1
649,2015.05.09,0,0,14,2,7,44,21,16,27,0
648,2015.05.02,7,2120987947,13,19,28,37,38,43,4,1
648,2015.05.02,0,0,15,4,41,8,3,2,25,0
647,2015.04.25,7,2189725608,5,16,21,23,24,30,29,1
647,2015.04.25,0,0,16,5,45,36,35,44,18,0
646,2015.04.18,7,2215498393,2,9,24,41,43,45,30,1
646,2015.04.18,0,0,37,14,24,41,34,7,39,0
645,2015.04.11,4,3696297750,1,4,16,26,40,41,31,1
645,2015.04.11,0,0,41,37,45,29,13,1,43,0
644,2015.04.04,8,1831451204,5,13,17,23,28,36,8,1
644,2015.04.04,0,0,45,28,22,37,15,30,39,0
643,2015.03.28,6,2535763625,15,24,31,32,33,40,13,1
643,2015.03.28,0,0,27,19,34,17,2,38,26,0
642,2015.03.21,12,1251460438,8,17,18,24,39,45,32,1
642,2015.03.21,0,0,36,45,4,12,41,13,22,0
641,2015.03.14,8,1990074563,11,18,21,36,37,43,12,1
641,2015.03.14,0,0,14,37,29,24,33,31,6,0
640,2015.03.07,9,1728768834,14,15,18,21,26,35,23,1
640,2015.03.07,0,0,8,38,22,19,43,18,10,0
639,2015.02.28,4,4061185219,6,15,22,23,25,32,40,1
639,2015.02.28,0,0,45,40,43,34,36,26,28,0
638,2015.02.21,7,2229403179,7,18,22,24,31,34,6,1
638,2015.02.21,0,0,42,41,35,5,10,21,37,0
637,2015.02.14,4,3899241094,3,16,22,37,38,44,23,1
637,2015.02.14,0,0,41,32,31,38,33,17,22,0
636,2015.02.07,8,1832362219,6,7,15,16,20,31,26,1
636,2015.02.07,0,0,45,14,32,21,18,44,4,0
635,2015.01.31,8,1855587235,11,13,25,26,29,33,32,1
635,2015.01.31,0,0,5,41,40,36,15,14,32,0
634,2015.01.24,13,1077935106,4,10,11,12,20,27,38,1
634,2015.01.24,0,0,45,39,7,40,24,13,37,0
633,2015.01.17,12,1217257094,9,12,19,20,39,41,13,1
633,2015.01.17,0,0,6,12,20,37,29,42,19,0
632,2015.01.10,11,1432587716,15,18,21,32,35,44,6,1
632,2015.01.10,0,0,25,13,40,37,15,4,10,0
631,2015.01.03,4,3919853532,1,2,4,23,31,34,8,1
631,2015.01.03,0,0,19,1,3,36,24,18,42,0
630,2014.12.27,3,4836305500,8,17,21,24,27,31,15,1
630,2014.12.27,0,0,32,29,26,22,4,27,8,0
629,2014.12.20,5,2919433575,19,28,31,38,43,44,1,1
629,2014.12.20,0,0,9,16,40,32,43,20,39,0
628,2014.12.13,9,1499942875,1,7,12,15,23,42,11,1
628,2014.12.13,0,0,43,23,31,25,26,32,11,0
627,2014.12.06,10,1352230650,2,9,22,25,31,45,12,1
627,2014.12.06,0,0,14,38,5,13,37,8,18,0
626,2014.11.29,8,1717871110,13,14,26,33,40,43,15,1
626,2014.11.29,0,0,22,37,7,33,36,11,12,0
625,2014.11.22,5,2765184675,3,6,7,20,21,39,13,1
625,2014.11.22,0,0,20,36,26,44,42,37,25,0
624,2014.11.15,5,2763729450,1,7,19,26,27,35,16,1
624,2014.11.15,0,0,18,1,12,25,5,14,37,0
623,2014.11.08,8,1813702594,7,13,30,39,41,45,25,1
623,2014.11.08,0,0,8,5,44,13,39,45,15,0
622,2014.11.01,9,1630598292,9,15,16,21,28,34,24,1
622,2014.11.01,0,0,14,18,9,32,10,37,44,0
621,2014.10.25,6,2359723500,1,2,6,16,19,42,9,1
621,2014.10.25,0,0,39,13,12,41,26,7,44,0
620,2014.10.18,7,2028283233,2,16,17,32,39,45,40,1
620,2014.10.18,0,0,40,24,23,9,7,1,17,0
619,2014.10.11,3,4612479375,6,8,13,30,35,40,21,1
619,2014.10.11,0,0,41,12,14,37,21,5,18,0
618,2014.10.04,5,2881326225,8,16,25,30,42,43,15,1
618,2014.10.04,0,0,35,2,45,26,36,11,44,0
617,2014.09.27,8,1629701860,4,5,11,12,24,27,28,1
617,2014.09.27,0,0,36,4,5,43,7,37,20,0
616,2014.09.20,9,1611811250,5,13,18,23,40,45,3,1
616,2014.09.20,0,0,27,24,20,44,37,28,8,0
615,2014.09.13,9,1535062417,10,17,18,19,23,27,35,1
615,2014.09.13,0,0,17,8,44,11,20,34,18,0
614,2014.09.06,6,2540975438,8,21,25,39,40,44,18,1
614,2014.09.06,0,0,14,41,6,1,35,30,2,0
613,2014.08.30,9,1549831209,7,8,11,16,41,44,35,1
613,2014.08.30,0,0,42,22,3,16,25,37,28,0
612,2014.08.23,11,1181705250,6,9,18,19,25,33,40,1
612,2014.08.23,0,0,30,16,14,21,11,4,29,0
611,2014.08.16,4,3502706157,2,22,27,33,36,37,14,1
611,2014.08.16,0,0,28,2,40,42,15,26,43,0
610,2014.08.09,4,3516018375,14,18,20,23,28,36,33,1
610,2014.08.09,0,0,2,44,35,20,3,16,28,0
609,2014.08.02,2,6339311438,4,8,27,34,39,40,13,1
609,2014.08.02,0,0,22,3,40,18,44,14,41,0
608,2014.07.26,7,1943530018,4,8,18,19,39,44,41,1
608,2014.07.26,0,0,37,13,15,22,18,32,23,0
607,2014.07.19,4,3494480907,8,14,23,36,38,39,13,1
607,2014.07.19,0,0,42,12,24,8,6,43,4,0
606,2014.07.12,10,1311566850,1,5,6,14,20,39,22,1
606,2014.07.12,0,0,15,5,18,19,44,6,16,0
605,2014.07.05,9,1394232250,1,2,7,9,10,38,42,1
605,2014.07.05,0,0,7,15,25,2,18,20,26,0
604,2014.06.28,11,1229141557,2,6,18,21,33,34,30,1
604,2014.06.28,0,0,21,37,17,11,4,40,34,0
603,2014.06.21,4,3452136563,2,19,25,26,27,43,28,1
603,2014.06.21,0,0,42,33,9,18,27,10,43,0
602,2014.06.14,8,1689530860,13,14,22,27,30,38,2,1
602,2014.06.14,0,0,42,4,1,11,10,14,21,0
601,2014.06.07,9,1524565209,2,16,19,31,34,35,37,1
601,2014.06.07,0,0,1,9,34,31,35,7,30,0
600,2014.05.31,15,901798725,5,11,14,27,29,36,44,1
600,2014.05.31,0,0,43,10,3,42,5,45,24,0
599,2014.05.24,8,1710918329,5,12,17,29,34,35,27,1
599,2014.05.24,0,0,26,25,21,28,16,43,10,0
598,2014.05.17,16,833998594,4,12,24,33,38,45,22,1
598,2014.05.17,0,0,31,10,32,21,20,27,19,0
597,2014.05.10,13,1057920606,8,10,23,24,35,43,37,1
597,2014.05.10,0,0,6,29,5,30,24,4,26,0
596,2014.05.03,10,1328267663,3,4,12,14,25,43,17,1
596,2014.05.03,0,0,2,45,6,5,44,32,42,0
595,2014.04.26,8,1744525219,8,24,28,35,38,40,5,1
595,2014.04.26,0,0,14,38,28,44,21,36,3,0
594,2014.04.19,11,1255592796,2,8,13,25,28,37,3,1
594,2014.04.19,0,0,30,5,10,35,32,16,23,0
593,2014.04.12,9,1532833500,9,10,13,24,33,38,28,1
593,2014.04.12,0,0,2,33,14,10,8,24,9,0
592,2014.04.05,6,2356381688,2,5,6,13,28,44,43,1
592,2014.04.05,0,0,16,10,19,31,21,32,4,0
591,2014.03.29,5,2964676200,8,13,14,30,38,39,5,1
591,2014.03.29,0,0,40,3,34,31,24,23,12,0
590,2014.03.22,7,2185183983,20,30,36,38,41,45,23,1
590,2014.03.22,0,0,25,13,20,4,15,29,36,0
589,2014.03.15,7,2136877983,6,8,28,33,38,39,22,1
589,2014.03.15,0,0,6,17,10,8,19,42,44,0
588,2014.03.08,5,2889342075,2,8,15,22,25,41,30,1
588,2014.03.08,0,0,32,27,30,4,37,18,5,0
587,2014.03.01,3,4974577375,14,21,29,31,32,37,17,1
587,2014.03.01,0,0,12,37,29,27,5,45,14,0
586,2014.02.22,8,1778354344,2,7,12,15,21,34,5,1
586,2014.02.22,0,0,12,17,31,4,33,40,11,0
585,2014.02.15,9,1620546334,6,7,10,16,38,41,4,1
585,2014.02.15,0,0,23,3,2,15,33,31,28,0
584,2014.02.08,3,5033183250,7,18,30,39,40,41,36,1
584,2014.02.08,0,0,19,33,45,21,36,41,23,0
583,2014.02.01,11,1341848353,8,17,27,33,40,44,24,1
583,2014.02.01,0,0,15,8,7,9,2,45,27,0
582,2014.01.25,4,3560558719,2,12,14,33,40,41,25,1
582,2014.01.25,0,0,4,15,9,2,45,30,42,0
581,2014.01.18,8,1844554547,3,5,14,20,42,44,33,1
581,2014.01.18,0,0,13,1,20,9,5,33,36,0
580,2014.01.11,7,2028610500,5,7,9,11,32,35,33,1
580,2014.01.11,0,0,11,36,27,41,13,28,42,0
579,2014.01.04,11,1396068444,5,7,20,22,37,42,39,1
579,2014.01.04,0,0,24,14,12,27,23,44,7,0
578,2013.12.28,5,2796466575,5,12,14,32,34,42,16,1
578,2013.12.28,0,0,38,14,13,43,19,20,35,0
577,2013.12.21,3,4484438375,16,17,22,31,34,37,33,1
577,2013.12.21,0,0,35,25,16,22,31,44,42,0
576,2013.12.14,3,4321966000,10,11,15,25,35,41,13,1
576,2013.12.14,0,0,27,45,21,9,40,3,20,0
575,2013.12.07,8,1699267875,2,8,20,30,33,34,6,1
575,2013.12.07,0,0,31,21,9,41,32,4,7,0
574,2013.11.30,2,6965184938,14,15,16,19,25,43,2,1
574,2013.11.30,0,0,29,9,13,31,1,18,23,0
573,2013.11.23,8,1645691766,2,4,20,34,35,43,14,1
573,2013.11.23,0,0,13,12,27,6,11,44,23,0
572,2013.11.16,8,1668216188,3,13,18,33,37,45,1,1
572,2013.11.16,0,0,24,37,6,2,14,13,43,0
571,2013.11.09,7,1966538465,11,18,21,26,38,43,29,1
571,2013.11.09,0,0,17,33,23,10,16,27,32,0
570,2013.11.02,9,1527791625,1,12,26,27,29,33,42,1
570,2013.11.02,0,0,32,38,24,42,9,37,26,0
569,2013.10.26,4,3467925188,3,6,13,23,24,35,1,1
569,2013.10.26,0,0,4,9,45,3,21,15,18,0
568,2013.10.19,10,1305167550,1,3,17,20,31,44,40,1
568,2013.10.19,0,0,31,24,18,15,40,25,20,0
567,2013.10.12,6,2318659438,1,10,15,16,32,41,28,1
567,2013.10.12,0,0,24,25,13,33,35,34,21,0
566,2013.10.05,4,3508951032,4,5,6,25,26,43,41,1
566,2013.10.05,0,0,34,6,45,30,40,15,4,0
565,2013.09.28,8,1742064469,4,10,18,27,40,45,38,1
565,2013.09.28,0,0,12,38,36,39,42,10,22,0
564,2013.09.21,7,1934801143,14,19,25,26,27,34,2,1
564,2013.09.21,0,0,41,14,9,2,3,31,33,0
563,2013.09.14,7,1932735643,5,10,16,17,31,32,21,1
563,2013.09.14,0,0,45,13,14,23,39,15,8,0
562,2013.09.07,11,1166694614,4,11,13,17,20,31,33,1
562,2013.09.07,0,0,16,7,34,40,5,35,19,0
561,2013.08.31,5,2753712225,5,7,18,37,42,45,20,1
561,2013.08.31,0,0,3,44,29,23,30,13,40,0
560,2013.08.24,7,1976697215,1,4,20,23,29,45,28,1
560,2013.08.24,0,0,39,16,43,17,34,15,4,0
559,2013.08.17,7,1926145608,11,12,25,32,44,45,23,1
559,2013.08.17,0,0,27,26,40,1,7,9,4,0
558,2013.08.10,10,1315913663,12,15,19,26,40,43,29,1
558,2013.08.10,0,0,33,34,3,6,16,37,12,0
557,2013.08.03,7,1888069286,4,20,26,28,35,40,31,1
557,2013.08.03,0,0,24,22,5,32,36,9,16,0
556,2013.07.27,7,2005209161,12,20,23,28,30,44,43,1
556,2013.07.27,0,0,9,37,18,12,20,31,10,0
555,2013.07.20,8,1711027360,11,17,21,24,26,36,12,1
555,2013.07.20,0,0,42,8,13,37,36,9,29,0
554,2013.07.13,2,6813893625,13,14,17,32,41,42,6,1
554,2013.07.13,0,0,9,38,42,30,12,20,35,0
553,2013.07.06,6,2249631438,2,7,17,28,29,39,37,1
553,2013.07.06,0,0,21,12,20,32,16,18,44,0
552,2013.06.29,10,1330824225,1,10,20,32,35,40,43,1
552,2013.06.29,0,0,2,19,42,23,4,35,29,0
551,2013.06.22,1,13526973750,3,6,20,24,27,44,25,1
551,2013.06.22,0,0,2,36,35,25,9,16,28,0
550,2013.06.15,11,1118679205,1,7,14,20,34,37,41,1
550,2013.06.15,0,0,15,31,27,43,12,11,5,0
549,2013.06.08,8,1760805047,29,31,35,38,40,44,17,1
549,2013.06.08,0,0,5,25,30,26,42,15,36,0
548,2013.06.01,8,1736871891,1,12,13,21,32,45,14,1
548,2013.06.01,0,0,28,3,5,11,36,41,26,0
547,2013.05.25,5,2838444450,6,7,15,22,34,39,28,1
547,2013.05.25,0,0,23,31,30,11,2,34,4,0
546,2013.05.18,30,405939950,8,17,20,27,37,43,6,1
546,2013.05.18,0,0,8,5,43,14,12,19,27,0
545,2013.05.11,11,1198994353,4,24,25,27,34,35,2,1
545,2013.05.11,0,0,10,27,29,22,26,1,15,0
544,2013.05.04,13,1046388433,5,17,21,25,36,44,10,1
544,2013.05.04,0,0,22,44,32,8,28,29,39,0
543,2013.04.27,12,1112934844,13,18,26,31,34,44,12,1
543,2013.04.27,0,0,24,11,7,37,40,35,41,0
542,2013.04.20,6,2335152563,5,6,19,26,41,45,34,1
542,2013.04.20,0,0,27,8,35,15,12,7,45,0
541,2013.04.13,11,1269327171,8,13,26,28,32,34,43,1
541,2013.04.13,0,0,28,32,33,14,23,9,4,0
540,2013.04.06,7,1989365250,3,12,13,15,34,36,14,1
540,2013.04.06,0,0,14,39,21,11,16,40,30,0
539,2013.03.30,9,1621036667,3,19,22,31,42,43,26,1
539,2013.03.30,0,0,41,37,38,2,18,23,33,0
538,2013.03.23,3,4688021625,6,10,18,31,32,34,11,1
538,2013.03.23,0,0,10,11,7,41,2,25,37,0
537,2013.03.16,7,2104038911,12,23,26,30,36,43,11,1
537,2013.03.16,0,0,1,2,19,45,25,40,15,0
536,2013.03.09,11,1308523603,7,8,18,32,37,43,12,1
536,2013.03.09,0,0,35,23,18,27,14,11,33,0
535,2013.03.02,3,4935603000,11,12,14,15,18,39,34,1
535,2013.03.02,0,0,29,2,12,37,4,32,40,0
534,2013.02.23,1,14215763250,10,24,26,29,37,38,32,1
534,2013.02.23,0,0,27,36,19,18,15,9,3,0
533,2013.02.16,8,1785671579,9,14,15,17,31,33,23,1
533,2013.02.16,0,0,2,43,32,35,30,29,38,0
532,2013.02.09,7,2216896286,16,17,23,24,29,44,3,1
532,2013.02.09,0,0,41,3,33,42,23,9,12,0
531,2013.02.02,9,1521519750,1,5,9,21,27,35,45,1
531,2013.02.02,0,0,6,37,44,11,27,42,39,0
530,2013.01.26,11,1231656239,16,23,27,29,33,41,22,1
530,2013.01.26,0,0,27,26,30,39,29,36,33,0
529,2013.01.19,8,1749114797,18,20,24,27,31,42,39,1
529,2013.01.19,0,0,38,39,10,3,22,17,15,0
528,2013.01.12,11,1197889125,5,17,25,31,39,40,10,1
528,2013.01.12,0,0,26,20,3,1,22,24,5,0
527,2013.01.05,13,1032386366,1,12,22,32,33,42,38,1
527,2013.01.05,0,0,15,30,42,18,2,45,7,0
526,2012.12.29,9,1491031959,7,14,17,20,35,39,31,1
526,2012.12.29,0,0,18,20,42,35,44,30,9,0
525,2012.12.22,9,1501132375,11,23,26,29,39,44,22,1
525,2012.12.22,0,0,19,14,16,32,35,11,29,0
524,2012.12.15,4,3491695594,10,11,29,38,41,45,21,1
524,2012.12.15,0,0,39,23,38,36,32,34,44,0
523,2012.12.08,7,1780355840,1,4,37,38,40,45,7,1
523,2012.12.08,0,0,8,18,25,4,11,41,39,0
522,2012.12.01,6,2281623000,4,5,13,14,37,41,11,1
522,2012.12.01,0,0,7,32,45,36,42,35,5,0
521,2012.11.24,8,1693420922,3,7,18,29,32,36,19,1
521,2012.11.24,0,0,38,40,32,43,39,8,14,0
520,2012.11.17,6,2167205438,4,22,27,28,38,40,1,1
520,2012.11.17,0,0,16,26,3,14,2,11,5,0
519,2012.11.10,7,1950601393,6,8,13,16,30,43,3,1
519,2012.11.10,0,0,42,7,1,33,38,12,21,0
518,2012.11.03,6,2263804125,14,23,30,32,34,38,6,1
518,2012.11.03,0,0,37,20,26,36,18,33,27,0
517,2012.10.27,5,2659057725,1,9,12,28,36,41,10,1
517,2012.10.27,0,0,38,18,5,30,28,17,24,0
516,2012.10.20,11,1294190182,2,8,23,41,43,44,30,1
516,2012.10.20,0,0,2,37,8,13,40,29,15,0
515,2012.10.13,1,13200466875,2,11,12,15,23,37,8,1
515,2012.10.13,0,0,1,32,27,40,37,4,31,0
514,2012.10.06,3,4451055500,1,15,20,26,35,42,9,1
514,2012.10.06,0,0,41,5,24,34,1,39,15,0
513,2012.09.29,3,4589624750,5,8,21,23,27,33,12,1
513,2012.09.29,0,0,2,26,22,42,11,5,12,0
512,2012.09.22,13,940094452,4,5,9,13,26,27,1,1
512,2012.09.22,0,0,24,25,10,15,32,2,1,0
511,2012.09.15,6,2165579250,3,7,14,23,26,42,24,1
511,2012.09.15,0,0,34,40,30,7,3,35,45,0
510,2012.09.08,5,2644158150,12,29,32,33,39,40,42,1
510,2012.09.08,0,0,15,28,35,29,23,10,3,0
509,2012.09.01,5,2689076100,12,25,29,35,42,43,24,1
509,2012.09.01,0,0,9,8,34,6,14,28,36,0
508,2012.08.25,8,1599557860,5,27,31,34,35,43,37,1
508,2012.08.25,0,0,24,32,27,45,19,17,23,0
507,2012.08.18,9,1416438875,12,13,32,33,40,41,4,1
507,2012.08.18,0,0,3,8,30,18,38,22,10,0
506,2012.08.11,3,4073333875,6,9,11,22,24,30,31,1
506,2012.08.11,0,0,28,45,33,21,29,36,12,0
505,2012.08.04,6,1917955188,7,20,22,25,38,40,44,1
505,2012.08.04,0,0,27,18,26,15,34,1,28,0
504,2012.07.28,9,1443236959,6,14,22,26,43,44,31,1
504,2012.07.28,0,0,29,21,16,11,27,35,20,0
503,2012.07.21,7,1853634911,1,5,27,30,34,36,40,1
503,2012.07.21,0,0,25,23,33,42,1,10,9,0
502,2012.07.14,6,2201458125,6,22,28,32,34,40,26,1
502,2012.07.14,0,0,19,7,25,10,21,35,3,0
501,2012.07.07,4,3025200094,1,4,10,17,31,42,2,1
501,2012.07.07,0,0,17,31,45,7,40,16,26,0
500,2012.06.30,9,1351072375,3,4,12,20,24,34,41,1
500,2012.06.30,0,0,43,27,9,33,14,29,8,0
499,2012.06.23,3,4070480250,5,20,23,27,35,40,43,1
499,2012.06.23,0,0,34,28,2,12,10,9,22,0
498,2012.06.16,4,3244503094,13,14,24,32,39,41,3,1
498,2012.06.16,0,0,23,13,43,1,35,24,45,0
497,2012.06.09,6,2222817813,19,20,23,24,43,44,13,1
497,2012.06.09,0,0,15,39,32,30,16,4,41,0
496,2012.06.02,4,3285932250,4,13,20,29,36,41,39,1
496,2012.06.02,0,0,17,32,14,36,43,30,22,0
495,2012.05.26,6,2111645000,4,13,22,27,34,44,6,1
495,2012.05.26,0,0,40,14,3,27,42,15,43,0
494,2012.05.19,12,1054588407,5,7,8,15,30,43,22,1
494,2012.05.19,0,0,31,35,28,26,30,24,41,0
493,2012.05.12,9,1451120334,20,22,26,33,36,37,25,1
493,2012.05.12,0,0,12,35,42,39,29,28,33,0
492,2012.05.05,5,2493013800,22,27,31,35,37,40,42,1
492,2012.05.05,0,0,41,1,43,5,42,45,15,0
491,2012.04.28,4,3304634438,8,17,35,36,39,42,4,1
491,2012.04.28,0,0,36,25,19,30,34,16,38,0
490,2012.04.21,7,1860234161,2,7,26,29,40,43,42,1
490,2012.04.21,0,0,45,41,20,12,17,16,3,0
489,2012.04.14,6,2106360625,2,4,8,15,20,27,11,1
489,2012.04.14,0,0,35,29,21,20,3,24,25,0
488,2012.04.07,10,1330393575,2,8,17,30,31,38,25,1
488,2012.04.07,0,0,43,45,30,5,11,23,20,0
487,2012.03.31,8,1638830766,4,8,25,27,37,41,21,1
487,2012.03.31,0,0,25,24,41,3,44,11,34,0
486,2012.03.24,13,1008634125,1,2,23,25,38,40,43,1
486,2012.03.24,0,0,22,26,4,10,13,3,35,0
485,2012.03.17,9,1501474917,17,22,26,27,36,39,20,1
485,2012.03.17,0,0,25,20,24,22,40,2,37,0
484,2012.03.10,6,2305303063,1,3,27,28,32,45,11,1
484,2012.03.10,0,0,22,43,21,26,32,1,13,0
483,2012.03.03,5,2567196675,12,15,19,22,28,34,5,1
483,2012.03.03,0,0,27,8,42,25,38,28,26,0
482,2012.02.25,7,1897921179,1,10,16,24,25,35,43,1
482,2012.02.25,0,0,17,6,22,36,8,3,1,0
481,2012.02.18,3,4639355750,3,4,23,29,40,41,20,1
481,2012.02.18,0,0,24,3,10,31,8,38,19,0
480,2012.02.11,4,2996742282,3,5,10,17,30,31,16,1
480,2012.02.11,0,0,4,5,15,25,9,44,35,0
479,2012.02.04,6,2233046500,8,23,25,27,35,44,24,1
479,2012.02.04,0,0,12,21,34,36,11,44,2,0
478,2012.01.28,14,987224759,18,29,30,37,39,43,8,1
478,2012.01.28,0,0,18,13,41,24,23,4,35,0
477,2012.01.21,8,1919011829,14,25,29,32,33,45,37,1
477,2012.01.21,0,0,32,22,3,21,20,5,33,0
476,2012.01.14,4,3439851469,9,12,13,15,37,38,27,1
476,2012.01.14,0,0,32,31,42,18,6,25,35,0
475,2012.01.07,8,1693923047,1,9,14,16,21,29,3,1
475,2012.01.07,0,0,25,21,19,34,26,33,22,0
474,2011.12.31,15,936690800,4,13,18,31,33,45,43,1
474,2011.12.31,0,0,29,15,39,20,41,9,27,0
473,2011.12.24,4,3250418063,8,13,20,22,23,36,34,1
473,2011.12.24,0,0,28,29,36,33,7,9,13,0
472,2011.12.17,7,1809656090,16,25,26,31,36,43,44,1
472,2011.12.17,0,0,32,6,23,29,16,4,39,0
471,2011.12.10,7,1939332858,6,13,29,37,39,41,43,1
471,2011.12.10,0,0,17,28,32,10,20,38,36,0
470,2011.12.03,3,4333330625,10,16,20,39,41,42,27,1
470,2011.12.03,0,0,11,27,23,39,3,7,32,0
469,2011.11.26,4,3330131250,4,21,22,34,37,38,33,1
469,2011.11.26,0,0,31,20,40,27,6,19,12,0
468,2011.11.19,9,1527197167,8,13,15,28,37,43,17,1
468,2011.11.19,0,0,4,37,7,19,20,10,16,0
467,2011.11.12,9,1435441084,2,12,14,17,24,40,39,1
467,2011.11.12,0,0,14,4,42,40,9,34,12,0
466,2011.11.05,9,1530313459,4,10,13,23,32,44,20,1
466,2011.11.05,0,0,45,43,10,39,13,20,6,0
465,2011.10.29,7,1923662893,1,8,11,13,22,38,31,1
465,2011.10.29,0,0,41,25,5,22,6,21,26,0
464,2011.10.22,13,3355721106,6,12,15,34,42,44,4,1
464,2011.10.22,0,0,10,3,9,37,44,16,7,0
463,2011.10.15,0,0,23,29,31,33,34,44,40,1
463,2011.10.15,0,0,37,41,7,17,40,45,14,0
462,2011.10.08,8,1483559297,3,20,24,32,37,45,4,1
462,2011.10.08,0,0,33,16,35,1,30,23,20,0
461,2011.10.01,6,1948674875,11,18,26,31,37,40,43,1
461,2011.10.01,0,0,29,11,32,5,13,21,39,0
460,2011.09.24,4,3180895782,8,11,28,30,43,45,41,1
460,2011.09.24,0,0,7,17,5,8,16,39,1,0
459,2011.09.17,7,1655842233,4,6,10,14,25,40,12,1
459,2011.09.17,0,0,43,45,27,44,25,6,30,0
458,2011.09.10,8,1608812625,4,9,10,32,36,40,18,1
458,2011.09.10,0,0,3,35,40,15,18,10,19,0
457,2011.09.03,10,1159902825,8,10,18,23,27,40,33,1
457,2011.09.03,0,0,42,38,2,1,20,32,30,0
456,2011.08.27,7,1598505054,1,7,12,18,23,27,44,1
456,2011.08.27,0,0,36,24,42,21,25,11,26,0
455,2011.08.20,7,1635711483,4,19,20,26,30,35,24,1
455,2011.08.20,0,0,21,37,43,15,2,5,12,0
454,2011.08.13,7,1609125590,13,25,27,34,38,41,10,1
454,2011.08.13,0,0,21,1,3,34,2,36,39,0
453,2011.08.06,5,2262732375,12,24,33,38,40,42,30,1
453,2011.08.06,0,0,26,39,36,17,19,44,38,0
452,2011.07.30,9,1276902000,8,10,18,30,32,34,27,1
452,2011.07.30,0,0,13,20,35,5,8,14,16,0
451,2011.07.23,13,882138952,12,15,20,24,30,38,29,1
451,2011.07.23,0,0,43,33,45,15,38,40,22,0
450,2011.07.16,6,1990391625,6,14,19,21,23,31,13,1
450,2011.07.16,0,0,40,19,9,45,10,22,2,0
449,2011.07.09,3,4059715250,3,10,20,26,35,43,36,1
449,2011.07.09,0,0,44,2,12,29,18,21,17,0
448,2011.07.02,3,4026212750,3,7,13,27,40,41,36,1
448,2011.07.02,0,0,10,9,42,4,12,26,25,0
447,2011.06.25,4,2657941125,2,7,8,9,17,33,34,1
447,2011.06.25,0,0,12,19,10,21,11,30,31,0
446,2011.06.18,3,4051247625,1,11,12,14,26,35,6,1
446,2011.06.18,0,0,21,38,39,34,6,29,5,0
445,2011.06.11,7,1791683036,13,20,21,30,39,45,32,1
445,2011.06.11,0,0,5,9,43,44,27,22,1,0
444,2011.06.04,3,4154188625,11,13,23,35,43,45,17,1
444,2011.06.04,0,0,23,22,43,12,15,27,39,0
443,2011.05.28,9,1327597584,4,6,10,19,20,44,14,1
443,2011.05.28,0,0,41,9,10,34,8,26,38,0
442,2011.05.21,9,1413413042,25,27,29,36,38,40,41,1
442,2011.05.21,0,0,44,41,9,38,40,28,4,0
441,2011.05.14,4,3170417063,1,23,28,30,34,35,9,1
441,2011.05.14,0,0,38,28,20,6,3,44,13,0
440,2011.05.07,6,1995873000,10,22,28,34,36,44,2,1
440,2011.05.07,0,0,5,13,41,11,27,16,36,0
439,2011.04.30,6,1900077375,17,20,30,31,37,40,25,1
439,2011.04.30,0,0,9,34,37,32,31,27,4,0
438,2011.04.23,9,1377142167,6,12,20,26,29,38,45,1
438,2011.04.23,0,0,23,27,10,9,41,15,25,0
437,2011.04.16,6,2096245438,11,16,29,38,41,44,21,1
437,2011.04.16,0,0,11,1,27,17,30,38,18,0
436,2011.04.09,8,1512266579,9,14,20,22,33,34,28,1
436,2011.04.09,0,0,44,3,8,39,16,5,2,0
435,2011.04.02,10,1287550013,8,16,26,30,38,45,42,1
435,2011.04.02,0,0,20,16,14,37,17,31,2,0
434,2011.03.26,8,1480060266,3,13,20,24,33,37,35,1
434,2011.03.26,0,0,41,34,16,7,33,44,43,0
433,2011.03.19,11,1182294410,19,23,29,33,35,43,27,1
433,2011.03.19,0,0,27,15,14,25,36,16,43,0
432,2011.03.12,5,2299427550,2,3,5,11,27,39,33,1
432,2011.03.12,0,0,35,24,2,7,6,38,31,0
431,2011.03.05,10,1268434013,18,22,25,31,38,45,6,1
431,2011.03.05,0,0,26,6,34,2,21,8,29,0
430,2011.02.26,8,1611763219,1,3,16,18,30,34,44,1
430,2011.02.26,0,0,40,33,27,22,16,11,34,0
429,2011.02.19,9,1485904709,3,23,28,34,39,42,16,1
429,2011.02.19,0,0,3,10,21,12,5,37,7,0
428,2011.02.12,9,1437683209,12,16,19,22,37,40,8,1
428,2011.02.12,0,0,31,44,10,22,9,4,2,0
427,2011.02.05,1,12571445625,6,7,15,24,28,30,21,1
427,2011.02.05,0,0,42,38,16,13,41,40,44,0
426,2011.01.29,4,3057233625,4,17,18,27,39,43,19,1
426,2011.01.29,0,0,11,33,15,8,41,29,9,0
425,2011.01.22,8,1534833000,8,10,14,27,33,38,3,1
425,2011.01.22,0,0,35,14,18,31,7,36,29,0
424,2011.01.15,10,1109480813,10,11,26,31,34,44,30,1
424,2011.01.15,0,0,38,40,41,5,44,24,9,0
423,2011.01.08,3,3896153875,1,17,27,28,29,40,5,1
423,2011.01.08,0,0,10,5,33,20,6,9,43,0
422,2011.01.01,6,2205251375,8,15,19,21,34,44,12,1
422,2011.01.01,0,0,26,44,20,9,35,45,17,0
421,2010.12.25,5,2321144325,6,11,26,27,28,44,30,1
421,2010.12.25,0,0,2,38,35,18,37,6,23,0
420,2010.12.18,8,1424856375,4,9,10,29,31,34,27,1
420,2010.12.18,0,0,14,31,2,45,37,36,24,0
419,2010.12.11,3,3796490750,2,11,13,14,28,30,7,1
419,2010.12.11,0,0,32,13,21,11,19,5,18,0
418,2010.12.04,8,1435649766,11,13,15,26,28,34,31,1
418,2010.12.04,0,0,9,17,38,39,8,5,40,0
417,2010.11.27,4,2818329938,4,5,14,20,22,43,44,1
417,2010.11.27,0,0,19,4,32,34,3,28,6,0
416,2010.11.20,10,1072037100,5,6,8,11,22,26,44,1
416,2010.11.20,0,0,2,13,6,25,40,7,45,0
415,2010.11.13,8,1334182407,7,17,20,26,30,40,24,1
415,2010.11.13,0,0,12,28,15,35,4,26,17,0
414,2010.11.06,1,11703832500,2,14,15,22,23,44,43,1
414,2010.11.06,0,0,22,43,12,11,14,36,24,0
413,2010.10.30,4,2814673500,2,9,15,23,34,40,3,1
413,2010.10.30,0,0,16,38,9,36,20,14,10,0
412,2010.10.23,7,1656199822,4,7,39,41,42,45,40,1
412,2010.10.23,0,0,31,43,7,15,25,26,6,0
411,2010.10.16,12,953227563,11,14,22,35,37,39,5,1
411,2010.10.16,0,0,3,10,21,41,22,37,20,0
410,2010.10.09,9,1249335709,1,3,18,32,40,41,16,1
410,2010.10.09,0,0,37,22,5,13,19,41,33,0
409,2010.10.02,4,2896989750,6,9,21,31,32,40,38,1
409,2010.10.02,0,0,22,27,36,38,31,32,9,0
408,2010.09.25,5,2235375825,9,20,21,22,30,37,16,1
408,2010.09.25,0,0,32,23,25,16,7,26,35,0
407,2010.09.18,7,1649707286,6,7,13,16,24,25,1,1
407,2010.09.18,0,0,14,22,33,29,25,7,15,0
406,2010.09.11,5,2156142450,7,12,21,24,27,36,45,1
406,2010.09.11,0,0,42,35,3,33,4,27,19,0
405,2010.09.04,3,3543878000,1,2,10,25,26,44,4,1
405,2010.09.04,0,0,15,14,22,29,18,28,2,0
404,2010.08.28,3,3566659375,5,20,21,24,33,40,36,1
404,2010.08.28,0,0,34,1,27,14,15,43,8,0
403,2010.08.21,5,2122396875,10,14,22,24,28,37,26,1
403,2010.08.21,0,0,34,10,15,21,12,24,42,0
402,2010.08.14,4,2662206188,5,9,15,19,22,36,32,1
402,2010.08.14,0,0,8,33,20,40,7,24,21,0
401,2010.08.07,9,1168214792,6,12,18,31,38,43,9,1
401,2010.08.07,0,0,30,32,2,4,13,44,7,0
400,2010.07.31,4,2669834325,9,21,27,34,41,43,2,1
400,2010.07.31,0,0,7,27,42,20,9,30,2,0
399,2010.07.24,8,1276854975,1,2,9,17,19,42,20,1
399,2010.07.24,0,0,38,1,2,28,34,32,12,0
398,2010.07.17,4,2680625550,10,15,20,23,42,44,7,1
398,2010.07.17,0,0,19,25,20,45,33,32,5,0
397,2010.07.10,3,3499519700,12,13,17,22,25,33,8,1
397,2010.07.10,0,0,9,28,16,31,40,1,19,0
396,2010.07.03,2,5296622400,18,20,31,34,40,45,30,1
396,2010.07.03,0,0,22,26,41,45,25,10,18,0
395,2010.06.26,7,1534635000,11,15,20,26,31,35,7,1
395,2010.06.26,0,0,37,18,3,16,6,8,19,0
394,2010.06.19,1,10654349100,1,13,20,22,25,28,15,1
394,2010.06.19,0,0,7,9,1,36,34,25,3,0
393,2010.06.12,8,1362003975,9,16,28,40,41,43,21,1
393,2010.06.12,0,0,32,27,35,29,7,16,44,0
392,2010.06.05,6,1713528700,1,3,7,8,24,42,43,1
392,2010.06.05,0,0,1,24,25,40,21,12,13,0
391,2010.05.29,1,10508749800,10,11,18,22,28,39,30,1
391,2010.05.29,0,0,40,24,27,45,13,25,33,0
390,2010.05.22,1,10373997900,16,17,28,37,39,40,15,1
390,2010.05.22,0,0,14,33,44,37,9,29,40,0
389,2010.05.15,5,2119027020,7,16,18,20,23,26,3,1
389,2010.05.15,0,0,4,14,43,39,37,18,32,0
388,2010.05.08,4,2545543875,1,8,9,17,29,32,45,1
388,2010.05.08,0,0,6,39,2,13,17,22,38,0
387,2010.05.01,4,2675533500,1,26,31,34,40,43,20,1
387,2010.05.01,0,0,27,18,41,15,43,42,37,0
386,2010.04.24,10,1042953330,4,7,10,19,31,40,26,1
386,2010.04.24,0,0,35,23,9,18,5,14,33,0
385,2010.04.17,7,1542032700,7,12,19,21,29,32,9,1
385,2010.04.17,0,0,44,10,38,21,42,9,20,0
384,2010.04.10,3,3658734200,11,22,24,32,36,38,7,1
384,2010.04.10,0,0,15,30,20,41,42,44,26,0
383,2010.04.03,3,3596522100,4,15,28,33,37,40,25,1
383,2010.04.03,0,0,5,9,41,43,15,1,42,0
382,2010.03.27,6,1846674900,10,15,22,24,27,42,19,1
382,2010.03.27,0,0,43,16,13,30,19,5,35,0
381,2010.03.20,19,565738895,1,5,10,12,16,20,11,1
381,2010.03.20,0,0,39,20,15,19,4,13,21,0
380,2010.03.13,4,2684274825,1,2,8,17,26,37,27,1
380,2010.03.13,0,0,32,15,31,40,37,10,25,0
379,2010.03.06,7,1598999786,6,10,22,31,35,40,19,1
379,2010.03.06,0,0,3,34,25,39,12,20,13,0
378,2010.02.27,5,2317698240,5,22,29,31,34,39,43,1
378,2010.02.27,0,0,24,11,5,27,17,38,44,0
377,2010.02.20,3,3912085400,6,22,29,37,43,45,23,1
377,2010.02.20,0,0,21,5,8,16,11,14,18,0
376,2010.02.13,6,1956915800,1,11,13,24,28,40,7,1
376,2010.02.13,0,0,24,13,8,37,1,23,10,0
375,2010.02.06,7,1581284058,4,8,19,25,27,45,7,1
375,2010.02.06,0,0,32,13,36,3,23,4,44,0
374,2010.01.30,2,5528717850,11,13,15,17,25,34,26,1
374,2010.01.30,0,0,26,22,8,4,38,44,7,0
373,2010.01.23,4,2791801125,15,26,37,42,43,45,9,1
373,2010.01.23,0,0,28,5,10,42,22,18,40,0
372,2010.01.16,9,1192593200,8,11,14,16,18,21,13,1
372,2010.01.16,0,0,44,21,34,33,8,35,22,0
371,2010.01.09,7,1524130543,7,9,15,26,27,42,18,1
371,2010.01.09,0,0,11,32,6,19,4,25,23,0
370,2010.01.02,7,1678941943,16,18,24,42,44,45,17,1
370,2010.01.02,0,0,20,24,19,41,39,30,43,0
369,2009.12.26,6,1842177750,17,20,35,36,41,43,21,1
369,2009.12.26,0,0,32,29,17,18,11,12,21,0
368,2009.12.19,7,1465825115,11,21,24,30,39,45,26,1
368,2009.12.19,0,0,42,17,3,12,23,15,31,0
367,2009.12.12,7,1581736586,3,22,25,29,32,44,19,1
367,2009.12.12,0,0,26,20,45,39,6,24,15,0
366,2009.12.05,2,5351553900,5,12,19,26,27,44,38,1
366,2009.12.05,0,0,9,37,20,32,16,21,18,0
365,2009.11.28,1,10697716800,5,15,21,25,26,30,31,1
365,2009.11.28,0,0,24,28,10,21,40,19,13,0
364,2009.11.21,4,2531914800,2,5,7,14,16,40,4,1
364,2009.11.21,0,0,40,14,15,16,8,9,34,0
363,2009.11.14,4,2615910600,11,12,14,21,32,38,6,1
363,2009.11.14,0,0,5,4,37,31,3,18,26,0
362,2009.11.07,6,1729424650,2,3,22,27,30,40,29,1
362,2009.11.07,0,0,35,28,10,27,22,40,25,0
361,2009.10.31,7,1473115115,5,10,16,24,27,35,33,1
361,2009.10.31,0,0,7,38,32,31,22,35,14,0
360,2009.10.24,3,3566716200,4,16,23,25,35,40,27,1
360,2009.10.24,0,0,32,31,3,12,13,10,45,0
359,2009.10.17,8,1286712600,1,10,19,20,24,40,23,1
359,2009.10.17,0,0,37,27,28,35,1,40,43,0
358,2009.10.10,3,3472654900,1,9,10,12,21,40,37,1
358,2009.10.10,0,0,16,2,25,31,4,39,1,0
357,2009.10.03,2,5313394350,10,14,18,21,36,37,5,1
357,2009.10.03,0,0,38,27,20,15,14,41,25,0
356,2009.09.26,9,1157185267,2,8,14,25,29,45,24,1
356,2009.09.26,0,0,45,8,3,30,19,35,25,0
355,2009.09.19,5,2145424800,5,8,29,30,35,44,38,1
355,2009.09.19,0,0,38,35,39,11,43,4,3,0
354,2009.09.12,5,2124464340,14,19,36,43,44,45,1,1
354,2009.09.12,0,0,31,37,27,40,42,6,1,0
353,2009.09.05,2,5290838250,11,16,19,22,29,36,26,1
353,2009.09.05,0,0,25,32,38,43,8,4,17,0
352,2009.08.29,6,1732858250,5,16,17,20,26,41,24,1
352,2009.08.29,0,0,32,35,24,26,38,39,33,0
351,2009.08.22,4,2583357150,5,25,27,29,34,36,33,1
351,2009.08.22,0,0,17,13,1,25,4,24,35,0
350,2009.08.15,9,1101052467,1,8,18,24,29,33,35,1
350,2009.08.15,0,0,11,33,43,21,17,35,2,0
349,2009.08.08,3,3353209000,5,13,14,20,24,25,36,1
349,2009.08.08,0,0,12,9,26,10,28,36,45,0
348,2009.08.01,3,3299994000,3,14,17,20,24,31,34,1
348,2009.08.01,0,0,10,24,17,30,9,23,28,0
347,2009.07.25,7,1456624286,3,8,13,27,32,42,10,1
347,2009.07.25,0,0,29,1,24,12,8,43,18,0
346,2009.07.18,5,2017727340,5,13,14,22,44,45,33,1
346,2009.07.18,0,0,14,43,42,20,22,8,16,0
345,2009.07.11,2,5203577550,15,20,23,29,39,42,2,1
345,2009.07.11,0,0,22,6,32,1,45,29,4,0
344,2009.07.04,7,1467106543,1,2,15,28,34,45,38,1
344,2009.07.04,0,0,17,34,25,31,32,36,40,0
343,2009.06.27,6,1717153000,1,10,17,29,31,43,15,1
343,2009.06.27,0,0,23,19,44,26,42,20,35,0
342,2009.06.20,3,3454095800,1,13,14,33,34,43,25,1
342,2009.06.20,0,0,20,17,45,6,34,2,32,0
341,2009.06.13,7,1497207772,1,8,19,34,39,43,41,1
341,2009.06.13,0,0,41,28,44,1,13,36,32,0
340,2009.06.06,7,1439393186,18,24,26,29,34,38,32,1
340,2009.06.06,0,0,16,29,36,22,1,28,20,0
339,2009.05.30,9,1096778334,6,8,14,21,30,37,45,1
339,2009.05.30,0,0,43,4,9,10,14,12,7,0
338,2009.05.23,3,3383431000,2,13,34,38,42,45,16,1
338,2009.05.23,0,0,30,18,36,15,41,26,45,0
337,2009.05.16,8,1257500513,1,5,14,18,32,37,4,1
337,2009.05.16,0,0,45,6,39,11,33,36,34,0
336,2009.05.09,6,1685632650,3,5,20,34,35,44,16,1
336,2009.05.09,0,0,1,6,41,40,34,17,4,0
335,2009.05.02,5,2037492480,5,9,16,23,26,45,21,1
335,2009.05.02,0,0,41,24,42,6,16,19,5,0
334,2009.04.25,7,1523002972,13,15,21,29,39,43,33,1
334,2009.04.25,0,0,7,30,15,17,45,12,40,0
333,2009.04.18,7,1550987143,5,14,27,30,39,43,35,1
333,2009.04.18,0,0,36,1,32,16,28,31,42,0
332,2009.04.11,8,1359448388,16,17,34,36,42,45,3,1
332,2009.04.11,0,0,12,24,4,42,15,44,9,0
331,2009.04.04,5,2165902620,4,9,14,26,31,44,39,1
331,2009.04.04,0,0,36,9,32,42,3,2,16,0
330,2009.03.28,9,1162280200,3,4,16,17,19,20,23,1
330,2009.03.28,0,0,44,28,3,22,41,19,2,0
329,2009.03.21,6,1830391200,9,17,19,30,35,42,4,1
329,2009.03.21,0,0,20,36,26,6,18,1,8,0
328,2009.03.14,6,1819795900,1,6,9,16,17,28,24,1
328,2009.03.14,0,0,4,14,25,30,29,21,6,0
327,2009.03.07,12,882674750,6,12,13,17,32,44,24,1
327,2009.03.07,0,0,20,44,24,39,21,37,13,0
326,2009.02.28,6,1832134550,16,23,25,33,36,39,40,1
326,2009.02.28,0,0,39,36,2,41,16,12,22,0
325,2009.02.21,6,1806122450,7,17,20,32,44,45,33,1
325,2009.02.21,0,0,36,15,27,18,35,2,1,0
324,2009.02.14,6,1865130350,2,4,21,25,33,36,17,1
324,2009.02.14,0,0,16,10,9,23,20,41,28,0
323,2009.02.07,8,1461025388,10,14,15,32,36,42,3,1
323,2009.02.07,0,0,9,10,2,25,38,37,16,0
322,2009.01.31,6,1904544700,9,18,29,32,38,43,20,1
322,2009.01.31,0,0,41,44,36,27,35,31,34,0
321,2009.01.24,6,1959136100,12,18,20,21,25,34,42,1
321,2009.01.24,0,0,9,35,36,37,24,28,21,0
320,2009.01.17,2,5513067900,16,19,23,25,41,45,3,1
320,2009.01.17,0,0,34,28,20,25,45,30,41,0
319,2009.01.10,5,2135659380,5,8,22,28,33,42,37,1
319,2009.01.10,0,0,29,15,24,6,39,7,35,0
318,2009.01.03,9,1207436600,2,17,19,20,34,45,21,1
318,2009.01.03,0,0,31,5,22,2,10,23,25,0
317,2008.12.27,4,2576258550,3,10,11,22,36,39,8,1
317,2008.12.27,0,0,32,35,17,24,27,3,25,0
316,2008.12.20,6,1673586400,10,11,21,27,31,39,43,1
316,2008.12.20,0,0,33,29,43,2,38,44,31,0
315,2008.12.13,8,1308728625,1,13,33,35,43,45,23,1
315,2008.12.13,0,0,5,26,11,7,41,19,40,0
314,2008.12.06,6,1660512200,15,17,19,34,38,41,2,1
314,2008.12.06,0,0,4,23,44,13,42,17,18,0
313,2008.11.29,6,1715422800,9,17,34,35,43,45,2,1
313,2008.11.29,0,0,15,28,17,41,20,4,45,0
312,2008.11.22,15,629017820,2,3,5,6,12,20,25,1
312,2008.11.22,0,0,29,19,35,13,39,22,24,0
311,2008.11.15,8,1237691063,4,12,24,27,28,32,10,1
311,2008.11.15,0,0,31,23,5,19,41,39,27,0
310,2008.11.08,8,1296713325,1,5,19,28,34,41,16,1
310,2008.11.08,0,0,43,30,38,36,37,32,2,0
309,2008.11.01,11,901622946,1,2,5,11,18,36,22,1
309,2008.11.01,0,0,1,4,13,30,26,3,42,0
308,2008.10.25,1,10232872800,14,15,17,19,37,45,40,1
308,2008.10.25,0,0,26,19,32,38,8,42,44,0
307,2008.10.18,4,2587643250,5,15,21,23,25,45,12,1
307,2008.10.18,0,0,11,41,7,27,43,33,1,0
306,2008.10.11,5,2102669520,4,18,23,30,34,41,19,1
306,2008.10.11,0,0,20,29,14,1,45,30,5,0
305,2008.10.04,5,2008210140,7,8,18,21,23,39,9,1
305,2008.10.04,0,0,8,21,12,22,3,6,9,0
304,2008.09.27,6,1661646150,4,10,16,26,33,41,38,1
304,2008.09.27,0,0,13,5,38,34,42,11,1,0
303,2008.09.20,6,1672749000,2,14,17,30,38,45,43,1
303,2008.09.20,0,0,44,38,28,15,9,23,24,0
302,2008.09.13,2,5472167250,13,19,20,32,38,42,4,1
302,2008.09.13,0,0,9,36,20,28,40,17,22,0
301,2008.09.06,7,1447385015,7,11,13,33,37,43,26,1
301,2008.09.06,0,0,14,40,28,19,21,37,8,0
300,2008.08.30,12,836092425,7,9,10,12,26,38,39,1
300,2008.08.30,0,0,30,26,13,32,23,9,29,0
299,2008.08.23,7,1483772529,1,3,20,25,36,45,24,1
299,2008.08.23,0,0,30,6,22,36,24,5,11,0
298,2008.08.16,1,9909778500,5,9,27,29,37,40,19,1
298,2008.08.16,0,0,6,11,42,13,29,25,43,0
297,2008.08.09,2,5056668750,6,11,19,20,28,32,34,1
297,2008.08.09,0,0,38,13,26,16,39,10,8,0
296,2008.08.02,8,3066088275,3,8,15,27,30,45,44,1
296,2008.08.02,0,0,39,13,32,12,25,3,17,0
295,2008.07.26,0,0,1,4,12,16,18,38,8,1
295,2008.07.26,0,0,10,23,28,30,37,14,15,0
294,2008.07.19,4,2406504975,6,10,17,30,37,38,40,1
294,2008.07.19,0,0,30,23,19,37,25,24,2,0
293,2008.07.12,6,1656764400,1,9,17,21,29,33,24,1
293,2008.07.12,0,0,22,14,4,10,44,33,28,0
292,2008.07.05,14,720373950,17,18,31,32,33,34,10,1
292,2008.07.05,0,0,9,25,23,11,3,5,41,0
291,2008.06.28,7,1450585200,3,7,8,18,20,42,45,1
291,2008.06.28,0,0,16,30,44,37,10,41,13,0
290,2008.06.21,13,2149214424,8,13,18,32,39,45,7,1
290,2008.06.21,0,0,45,29,1,38,37,3,9,0
289,2008.06.14,0,0,3,14,33,37,38,42,10,1
289,2008.06.14,0,0,43,40,37,14,18,2,44,0
288,2008.06.07,4,2357261550,1,12,17,28,35,41,10,1
288,2008.06.07,0,0,35,10,6,13,24,21,25,0
287,2008.05.31,7,1328657100,6,12,24,27,35,37,41,1
287,2008.05.31,0,0,7,20,13,3,19,31,5,0
286,2008.05.24,3,3236566300,1,15,19,40,42,44,17,1
286,2008.05.24,0,0,34,38,18,26,15,39,17,0
285,2008.05.17,3,3164370100,13,33,37,40,41,45,2,1
285,2008.05.17,0,0,43,30,9,33,28,26,17,0
284,2008.05.10,3,3117640300,2,7,15,24,30,45,28,1
284,2008.05.10,0,0,42,6,25,33,30,5,40,0
283,2008.05.03,3,3137224600,6,8,18,31,38,45,42,1
283,2008.05.03,0,0,27,2,33,11,22,21,39,0
282,2008.04.26,7,1322052643,2,5,10,18,31,32,30,1
282,2008.04.26,0,0,42,35,24,21,3,13,28,0
281,2008.04.19,6,1554683200,1,3,4,6,14,41,12,1
281,2008.04.19,0,0,5,28,9,39,3,34,21,0
280,2008.04.12,7,1355258529,10,11,23,24,36,37,35,1
280,2008.04.12,0,0,23,45,26,1,24,19,13,0
279,2008.04.05,5,1914205320,7,16,31,36,37,38,11,1
279,2008.04.05,0,0,22,3,6,16,29,7,24,0
278,2008.03.29,3,3186530000,3,11,37,39,41,43,13,1
278,2008.03.29,0,0,5,28,24,30,41,40,15,0
277,2008.03.22,3,3272627800,10,12,13,15,25,29,20,1
277,2008.03.22,0,0,14,8,16,29,44,45,34,0
276,2008.03.15,3,3312569000,4,15,21,33,39,41,25,1
276,2008.03.15,0,0,26,1,41,45,3,10,20,0
275,2008.03.08,1,10044066900,14,19,20,35,38,40,26,1
275,2008.03.08,0,0,36,25,23,13,29,21,18,0
274,2008.03.01,4,2505085575,13,14,15,26,35,39,25,1
274,2008.03.01,0,0,44,23,18,36,24,26,7,0
273,2008.02.23,3,3339543100,1,8,24,31,34,44,6,1
273,2008.02.23,0,0,21,35,7,32,6,40,11,0
272,2008.02.16,9,1104622800,7,9,12,27,39,43,28,1
272,2008.02.16,0,0,42,5,32,27,18,8,29,0
271,2008.02.09,6,1565918150,3,8,9,27,29,40,36,1
271,2008.02.09,0,0,33,4,7,21,40,3,29,0
270,2008.02.02,5,1927830060,5,9,12,20,21,26,27,1
270,2008.02.02,0,0,16,10,18,36,33,43,17,0
269,2008.01.26,5,1961399940,5,18,20,36,42,43,32,1
269,2008.01.26,0,0,7,41,2,21,13,6,1,0
268,2008.01.19,7,1350954515,3,10,19,24,32,45,12,1
268,2008.01.19,0,0,37,24,17,4,45,39,41,0
267,2008.01.12,3,3257663300,7,8,24,34,36,41,1,1
267,2008.01.12,0,0,12,5,19,18,26,24,33,0
266,2008.01.05,3,3207211700,3,4,9,11,22,42,37,1
266,2008.01.05,0,0,15,13,19,37,45,23,24,0
265,2007.12.29,8,1200838575,5,9,34,37,38,39,12,1
265,2007.12.29,0,0,16,10,8,4,32,35,15,0
264,2007.12.22,7,1344889200,9,16,27,36,41,44,5,1
264,2007.12.22,0,0,32,7,4,25,23,11,42,0
263,2007.12.15,6,1551704900,1,27,28,32,37,40,18,1
263,2007.12.15,0,0,9,37,38,10,2,17,26,0
262,2007.12.08,2,4518741600,9,12,24,25,29,31,36,1
262,2007.12.08,0,0,36,4,43,38,22,2,34,0
261,2007.12.01,3,3192299100,6,11,16,18,31,43,2,1
261,2007.12.01,0,0,32,38,19,11,10,5,16,0
260,2007.11.24,4,2310085575,7,12,15,24,37,40,43,1
260,2007.11.24,0,0,5,16,34,45,35,37,24,0
259,2007.11.17,2,4838533500,4,5,14,35,42,45,34,1
259,2007.11.17,0,0,26,2,21,15,42,40,19,0
258,2007.11.10,4,2426434350,14,27,30,31,38,40,17,1
258,2007.11.10,0,0,41,2,11,25,33,37,27,0
257,2007.11.03,4,2391377025,6,13,27,31,32,37,4,1
257,2007.11.03,0,0,13,39,18,43,4,32,42,0
256,2007.10.27,2,4891017000,4,11,14,21,23,43,32,1
256,2007.10.27,0,0,31,17,5,21,22,14,13,0
255,2007.10.20,6,1598618550,1,5,6,24,27,42,32,1
255,2007.10.20,0,0,17,38,13,14,21,11,33,0
254,2007.10.13,1,9741015900,1,5,19,20,24,30,27,1
254,2007.10.13,0,0,31,23,17,28,37,29,44,0
253,2007.10.06,4,2466189525,8,19,25,31,34,36,33,1
253,2007.10.06,0,0,17,19,34,7,38,18,28,0
252,2007.09.29,7,1391089715,14,23,26,31,39,45,28,1
252,2007.09.29,0,0,22,1,36,31,29,16,10,0
251,2007.09.22,8,1282616400,6,7,19,25,28,38,45,1
251,2007.09.22,0,0,45,20,34,43,26,11,13,0
250,2007.09.15,5,1994726280,19,23,30,37,43,45,38,1
250,2007.09.15,0,0,28,25,38,39,41,3,45,0
249,2007.09.08,6,1663568700,3,8,27,31,41,44,11,1
249,2007.09.08,0,0,35,42,6,34,15,38,39,0
248,2007.09.01,8,1227479363,3,8,17,23,38,45,13,1
248,2007.09.01,0,0,25,29,41,3,24,44,17,0
247,2007.08.25,6,1669313900,12,15,28,36,39,40,13,1
247,2007.08.25,0,0,36,13,45,6,20,43,23,0
246,2007.08.18,5,1911774240,13,18,21,23,26,39,15,1
246,2007.08.18,0,0,17,34,6,18,11,42,15,0
245,2007.08.11,7,1382583129,9,11,27,31,32,38,22,1
245,2007.08.11,0,0,16,6,8,26,36,2,11,0
244,2007.08.04,1,9121583100,13,16,25,36,37,38,19,1
244,2007.08.04,0,0,44,40,10,22,7,21,31,0
243,2007.07.28,4,2408850000,2,12,17,19,28,42,34,1
243,2007.07.28,0,0,19,27,43,34,1,11,13,0
242,2007.07.21,8,1234542375,4,19,20,21,32,34,43,1
242,2007.07.21,0,0,37,17,24,40,6,4,39,0
241,2007.07.14,4,2552016300,2,16,24,27,28,35,21,1
241,2007.07.14,0,0,16,8,40,32,7,14,44,0
240,2007.07.07,2,5098251450,6,10,16,40,41,43,21,1
240,2007.07.07,0,0,41,19,31,21,43,40,7,0
239,2007.06.30,9,1134140167,11,15,24,39,41,44,7,1
239,2007.06.30,0,0,2,45,3,41,18,12,14,0
238,2007.06.23,9,1121660567,2,4,15,28,31,34,35,1
238,2007.06.23,0,0,6,23,44,32,29,26,43,0
237,2007.06.16,7,1440630729,1,11,17,21,24,44,33,1
237,2007.06.16,0,0,43,31,2,13,41,6,38,0
236,2007.06.09,2,5030040150,1,4,8,13,37,39,7,1
236,2007.06.09,0,0,42,5,24,9,19,45,36,0
235,2007.06.02,3,3433330100,21,22,26,27,31,37,8,1
235,2007.06.02,0,0,33,20,12,34,42,5,23,0
234,2007.05.26,4,2519743875,13,21,22,24,26,37,4,1
234,2007.05.26,0,0,8,14,16,24,35,9,44,0
233,2007.05.19,10,999153750,4,6,13,17,28,40,39,1
233,2007.05.19,0,0,30,16,3,45,21,28,35,0
232,2007.05.12,9,1110918400,8,9,10,12,24,44,35,1
232,2007.05.12,0,0,33,41,43,36,17,13,22,0
231,2007.05.05,9,1088365900,5,10,19,31,44,45,27,1
231,2007.05.05,0,0,13,17,12,16,18,21,19,0
230,2007.04.28,8,1292929163,5,11,14,29,32,33,12,1
230,2007.04.28,0,0,40,33,3,1,31,32,7,0
229,2007.04.21,7,1451441100,4,5,9,11,23,38,35,1
229,2007.04.21,0,0,6,32,38,31,43,4,3,0
228,2007.04.14,9,1146700334,17,25,35,36,39,44,23,1
228,2007.04.14,0,0,15,22,19,43,25,13,34,0
227,2007.04.07,2,5253542400,4,5,15,16,22,42,2,1
227,2007.04.07,0,0,40,26,19,13,36,18,5,0
226,2007.03.31,6,1744100150,2,6,8,14,21,22,34,1
226,2007.03.31,0,0,3,24,27,6,34,42,23,0
225,2007.03.24,6,1777201800,5,11,13,19,31,36,7,1
225,2007.03.24,0,0,5,7,9,4,19,15,1,0
224,2007.03.17,6,1808969950,4,19,26,27,30,42,7,1
224,2007.03.17,0,0,4,3,13,40,35,29,36,0
223,2007.03.10,7,1498170600,1,3,18,20,26,27,38,1
223,2007.03.10,0,0,19,13,32,24,31,22,15,0
222,2007.03.03,5,2275193820,5,7,28,29,39,43,44,1
222,2007.03.03,0,0,2,21,40,32,43,24,26,0
221,2007.02.24,6,1800104250,2,20,33,35,37,40,10,1
221,2007.02.24,0,0,34,24,1,41,23,18,27,0
220,2007.02.17,6,1958094950,5,11,19,21,34,43,31,1
220,2007.02.17,0,0,8,43,16,20,35,36,18,0
219,2007.02.10,9,1208409167,4,11,20,26,35,37,16,1
219,2007.02.10,0,0,35,24,26,38,37,14,34,0
218,2007.02.03,4,2779075800,1,8,14,18,29,44,20,1
218,2007.02.03,0,0,45,27,29,36,12,39,7,0
217,2007.01.27,7,1611246172,16,20,27,33,35,39,38,1
217,2007.01.27,0,0,22,28,6,45,29,33,10,0
216,2007.01.20,13,848506108,7,16,17,33,36,40,1,1
216,2007.01.20,0,0,32,6,9,40,18,20,27,0
215,2007.01.13,7,1587689615,2,3,7,15,43,44,4,1
215,2007.01.13,0,0,31,29,4,35,11,1,10,0
214,2007.01.06,8,1406980875,5,7,20,25,28,37,32,1
214,2007.01.06,0,0,1,2,37,4,25,40,24,0
213,2006.12.30,8,1376678025,2,3,4,5,20,24,42,1
213,2006.12.30,0,0,36,15,25,44,39,24,21,0
212,2006.12.23,4,2660747250,11,12,18,21,31,38,8,1
212,2006.12.23,0,0,42,34,12,37,21,17,28,0
211,2006.12.16,10,1035800250,12,13,17,20,33,41,8,1
211,2006.12.16,0,0,15,9,37,33,2,26,4,0
210,2006.12.09,2,5139085950,10,19,22,23,25,37,39,1
210,2006.12.09,0,0,6,5,22,23,7,30,13,0
209,2006.12.02,6,1660896350,2,7,18,20,24,33,37,1
209,2006.12.02,0,0,41,13,24,26,4,25,17,0
208,2006.11.25,6,1760767400,14,25,31,34,40,44,24,1
208,2006.11.25,0,0,21,22,3,43,19,44,13,0
207,2006.11.18,5,2104673760,3,11,14,31,32,37,38,1
207,2006.11.18,0,0,25,38,37,36,34,4,44,0
206,2006.11.11,5,2032859340,1,2,3,15,20,25,43,1
206,2006.11.11,0,0,21,7,4,38,2,23,15,0
205,2006.11.04,6,1835221800,1,3,21,29,35,37,30,1
205,2006.11.04,0,0,2,16,15,24,10,33,38,0
204,2006.10.28,8,1358347125,3,12,14,35,40,45,5,1
204,2006.10.28,0,0,24,17,43,18,10,29,4,0
203,2006.10.21,5,2164564740,1,3,11,24,30,32,7,1
203,2006.10.21,0,0,22,23,43,15,30,8,16,0
202,2006.10.14,6,1893391700,12,14,27,33,39,44,17,1
202,2006.10.14,0,0,9,1,11,3,26,38,42,0
201,2006.10.07,1,9719465400,3,11,24,38,39,44,26,1
201,2006.10.07,0,0,41,36,19,6,18,5,26,0
200,2006.09.30,8,1344616613,5,6,13,14,17,20,7,1
200,2006.09.30,0,0,10,35,42,31,21,24,3,0
199,2006.09.23,2,5344252200,14,21,22,25,30,36,43,1
199,2006.09.23,0,0,15,38,45,5,31,4,25,0
198,2006.09.16,6,1797855050,12,19,20,25,41,45,2,1
198,2006.09.16,0,0,35,24,2,18,36,29,6,0
197,2006.09.09,6,1803018300,7,12,16,34,42,45,4,1
197,2006.09.09,0,0,10,29,7,21,45,32,30,0
196,2006.09.02,15,727876520,35,36,37,41,44,45,30,1
196,2006.09.02,0,0,32,38,40,36,39,45,16,0
195,2006.08.26,11,918992591,7,10,19,22,35,40,31,1
195,2006.08.26,0,0,18,19,38,39,16,9,6,0
194,2006.08.19,4,2650567875,15,20,23,26,39,44,28,1
194,2006.08.19,0,0,12,20,40,4,45,14,43,0
193,2006.08.12,3,3404449700,6,14,18,26,36,39,13,1
193,2006.08.12,0,0,19,42,1,44,33,17,35,0
192,2006.08.05,4,2445348375,4,8,11,18,37,45,33,1
192,2006.08.05,0,0,20,1,17,19,18,34,33,0
191,2006.07.29,4,2577114675,5,6,24,25,32,37,8,1
191,2006.07.29,0,0,1,6,5,45,42,12,31,0
190,2006.07.22,6,1784159450,8,14,18,30,31,44,15,1
190,2006.07.22,0,0,9,11,6,45,21,26,31,0
189,2006.07.15,3,3461775100,8,14,32,35,37,45,28,1
189,2006.07.15,0,0,45,5,13,31,25,37,23,0
188,2006.07.08,3,3501405200,19,24,27,30,31,34,36,1
188,2006.07.08,0,0,25,23,44,43,3,37,11,0
187,2006.07.01,7,1544733900,1,2,8,18,29,38,42,1
187,2006.07.01,0,0,2,14,33,45,24,12,34,0
186,2006.06.24,9,1187882600,4,10,14,19,21,45,9,1
186,2006.06.24,0,0,17,23,9,6,1,42,45,0
185,2006.06.17,3,3522485800,1,2,4,8,19,38,14,1
185,2006.06.17,0,0,5,45,9,24,4,15,40,0
184,2006.06.10,6,1747753050,1,2,6,16,20,33,41,1
184,2006.06.10,0,0,7,39,3,33,15,27,4,0
183,2006.06.03,6,1777221500,2,18,24,34,40,42,5,1
183,2006.06.03,0,0,8,32,4,44,37,39,9,0
182,2006.05.27,3,3721439400,13,15,27,29,34,40,35,1
182,2006.05.27,0,0,30,35,1,43,5,13,33,0
181,2006.05.20,6,1941763300,14,21,23,32,40,45,44,1
181,2006.05.20,0,0,1,4,23,34,43,44,20,0
180,2006.05.13,2,5763371550,2,15,20,21,29,34,22,1
180,2006.05.13,0,0,31,41,11,32,7,2,18,0
179,2006.05.06,10,1081093920,5,9,17,25,39,43,32,1
179,2006.05.06,0,0,18,41,11,12,44,23,35,0
178,2006.04.29,5,2254621080,1,5,11,12,18,23,9,1
178,2006.04.29,0,0,28,25,1,4,13,35,23,0
177,2006.04.22,7,1693285500,1,10,13,16,37,43,6,1
177,2006.04.22,0,0,34,6,30,29,11,2,20,0
176,2006.04.15,5,2314663080,4,17,30,32,33,34,15,1
176,2006.04.15,0,0,38,42,36,3,12,40,14,0
175,2006.04.08,5,2371132620,19,26,28,31,33,36,17,1
175,2006.04.08,0,0,25,8,20,29,31,40,7,0
174,2006.04.01,7,1771103058,13,14,18,22,35,39,16,1
174,2006.04.01,0,0,23,6,31,8,30,12,11,0
173,2006.03.25,8,1487736788,3,9,24,30,33,34,18,1
173,2006.03.25,0,0,13,8,30,41,19,38,27,0
172,2006.03.18,11,1081154073,4,19,21,24,26,41,35,1
172,2006.03.18,0,0,34,2,23,9,14,1,19,0
171,2006.03.11,6,1961339700,4,16,25,29,34,35,1,1
171,2006.03.11,0,0,16,4,30,24,29,18,19,0
170,2006.03.04,6,1923108250,2,11,13,15,31,42,10,1
170,2006.03.04,0,0,38,8,40,37,13,1,29,0
169,2006.02.25,5,2482888380,16,27,35,37,43,45,19,1
169,2006.02.25,0,0,42,31,20,33,36,8,7,0
168,2006.02.18,5,2349946920,3,10,31,40,42,43,30,1
168,2006.02.18,0,0,34,39,45,26,12,36,9,0
167,2006.02.11,5,2491222920,24,27,28,30,36,39,4,1
167,2006.02.11,0,0,19,39,26,38,20,14,9,0
166,2006.02.04,11,1111299982,9,12,27,36,39,45,14,1
166,2006.02.04,0,0,14,16,41,32,13,5,27,0
165,2006.01.28,2,6767426700,5,13,18,19,22,42,31,1
165,2006.01.28,0,0,1,4,21,25,28,14,19,0
164,2006.01.21,3,4054937900,6,9,10,11,39,41,27,1
164,2006.01.21,0,0,41,12,18,19,1,27,25,0
163,2006.01.14,7,1629726515,7,11,26,28,29,44,16,1
163,2006.01.14,0,0,45,2,10,15,38,17,27,0
162,2006.01.07,5,2308265760,1,5,21,25,38,41,24,1
162,2006.01.07,0,0,44,8,16,22,20,6,42,0
161,2005.12.31,7,1996876272,22,34,36,40,42,45,44,1
161,2005.12.31,0,0,44,36,10,9,5,20,13,0
160,2005.12.24,2,5490805350,3,7,8,34,39,41,1,1
160,2005.12.24,0,0,25,3,10,19,1,12,44,0
159,2005.12.17,6,1755407300,1,18,30,41,42,43,32,1
159,2005.12.17,0,0,37,30,31,3,15,43,18,0
158,2005.12.10,10,1069544340,4,9,13,18,21,34,7,1
158,2005.12.10,0,0,30,33,40,7,3,35,14,0
157,2005.12.03,2,5484903750,19,26,30,33,35,39,37,1
157,2005.12.03,0,0,44,1,34,32,23,35,31,0
156,2005.11.26,8,1401099900,5,18,28,30,42,45,2,1
156,2005.11.26,0,0,27,39,11,23,17,4,26,0
155,2005.11.19,9,1193005734,16,19,20,32,33,41,4,1
155,2005.11.19,0,0,33,39,31,24,20,45,16,0
154,2005.11.12,4,2836628700,6,19,21,35,40,45,20,1
154,2005.11.12,0,0,31,7,15,44,20,3,8,0
153,2005.11.05,4,2730526125,3,8,11,12,13,36,33,1
153,2005.11.05,0,0,13,4,23,17,35,33,31,0
152,2005.10.29,5,2278131840,1,5,13,26,29,34,43,1
152,2005.10.29,0,0,42,19,39,33,3,40,30,0
151,2005.10.22,4,2716634025,1,2,10,13,18,19,15,1
151,2005.10.22,0,0,4,23,14,16,40,2,29,0
150,2005.10.15,4,2831645850,2,18,25,28,37,39,16,1
150,2005.10.15,0,0,32,29,45,6,13,3,22,0
149,2005.10.08,7,1639052143,2,11,21,34,41,42,27,1
149,2005.10.08,0,0,43,42,32,3,37,25,6,0
148,2005.10.01,5,2323596420,21,25,33,34,35,36,17,1
148,2005.10.01,0,0,37,45,16,40,6,31,38,0
147,2005.09.24,7,1700040215,4,6,13,21,40,42,36,1
147,2005.09.24,0,0,15,26,22,39,27,34,40,0
146,2005.09.17,2,6043415250,2,19,27,35,41,42,25,1
146,2005.09.17,0,0,40,22,44,23,29,8,31,0
145,2005.09.10,3,3797838200,2,3,13,20,27,44,9,1
145,2005.09.10,0,0,3,28,44,5,4,18,29,0
144,2005.09.03,8,1402440413,4,15,17,26,36,37,43,1
144,2005.09.03,0,0,23,4,5,9,32,22,25,0
143,2005.08.27,3,3954584700,26,27,28,42,43,45,8,1
143,2005.08.27,0,0,8,31,25,33,2,16,30,0
142,2005.08.20,11,1018265564,12,16,30,34,40,44,19,1
142,2005.08.20,0,0,9,15,37,26,2,31,33,0
141,2005.08.13,6,1900552400,8,12,29,31,42,43,2,1
141,2005.08.13,0,0,11,34,45,13,35,17,20,0
140,2005.08.06,5,2109462840,3,13,17,18,19,28,8,1
140,2005.08.06,0,0,29,40,23,36,31,5,15,0
139,2005.07.30,7,1650210215,9,11,15,20,28,43,13,1
139,2005.07.30,0,0,6,18,35,10,38,4,43,0
138,2005.07.23,5,2227152000,10,11,27,28,37,39,19,1
138,2005.07.23,0,0,4,21,24,20,39,33,34,0
137,2005.07.16,9,1270403467,7,9,20,25,36,39,15,1
137,2005.07.16,0,0,4,40,31,22,1,34,11,0
136,2005.07.09,6,1997694150,2,16,30,36,41,42,11,1
136,2005.07.09,0,0,30,24,20,43,2,15,33,0
135,2005.07.02,7,1717293515,6,14,22,28,35,39,16,1
135,2005.07.02,0,0,6,32,45,8,40,26,14,0
134,2005.06.25,5,2349155100,3,12,20,23,31,35,43,1
134,2005.06.25,0,0,20,28,3,33,25,26,15,0
133,2005.06.18,8,1450242600,4,7,15,18,23,26,13,1
133,2005.06.18,0,0,38,20,1,27,43,8,35,0
132,2005.06.11,4,2920473525,3,17,23,34,41,45,43,1
132,2005.06.11,0,0,5,8,11,22,23,38,40,0
131,2005.06.04,8,1451214488,8,10,11,14,15,21,37,1
131,2005.06.04,0,0,14,22,19,2,12,9,34,0
130,2005.05.28,4,3036496650,7,19,24,27,42,45,31,1
130,2005.05.28,0,0,17,26,9,7,21,30,2,0
129,2005.05.21,11,1093629655,19,23,25,28,38,42,17,1
129,2005.05.21,0,0,45,11,34,7,4,14,24,0
128,2005.05.14,6,2064043100,12,30,34,36,37,45,39,1
128,2005.05.14,0,0,33,15,16,37,31,21,40,0
127,2005.05.07,6,1965939150,3,5,10,29,32,43,35,1
127,2005.05.07,0,0,27,19,34,5,40,37,43,0
126,2005.04.30,9,1369301500,7,20,22,27,40,43,1,1
126,2005.04.30,0,0,1,12,40,43,18,44,38,0
125,2005.04.23,7,1754870786,2,8,32,33,35,36,18,1
125,2005.04.23,0,0,5,14,33,30,24,36,31,0
124,2005.04.16,9,1395936267,4,16,23,25,29,42,1,1
124,2005.04.16,0,0,11,12,44,32,30,40,16,0
123,2005.04.09,5,2532982680,7,17,18,28,30,45,27,1
123,2005.04.09,0,0,22,25,21,40,29,17,38,0
122,2005.04.02,9,1450073800,1,11,16,17,36,40,8,1
122,2005.04.02,0,0,4,22,11,43,3,13,36,0
121,2005.03.26,2,6839648100,12,28,30,34,38,43,9,1
121,2005.03.26,0,0,20,35,43,13,29,25,36,0
120,2005.03.19,3,4364530300,4,6,10,11,32,37,30,1
120,2005.03.19,0,0,21,5,1,17,42,41,24,0
119,2005.03.12,9,1474899400,3,11,13,14,17,21,38,1
119,2005.03.12,0,0,20,14,38,24,7,35,32,0
118,2005.03.05,10,1297989720,3,4,10,17,19,22,38,1
118,2005.03.05,0,0,2,27,36,38,30,39,3,0
117,2005.02.26,9,1558378334,5,10,22,34,36,44,35,1
117,2005.02.26,0,0,12,6,14,28,3,30,15,0
116,2005.02.19,7,1997747315,2,4,25,31,34,37,17,1
116,2005.02.19,0,0,15,9,24,25,17,14,21,0
115,2005.02.12,9,1488589567,1,2,6,9,25,28,31,1
115,2005.02.12,0,0,21,38,14,40,10,12,29,0
114,2005.02.05,6,2362345050,11,14,19,26,28,41,2,1
114,2005.02.05,0,0,9,29,23,13,11,6,5,0
113,2005.01.29,9,1561528934,4,9,28,33,36,45,26,1
113,2005.01.29,0,0,38,16,30,23,32,37,13,0
112,2005.01.22,9,1567271167,26,29,30,33,41,42,43,1
112,2005.01.22,0,0,36,33,24,28,29,10,45,0
111,2005.01.15,6,2199047450,7,18,31,33,36,40,27,1
111,2005.01.15,0,0,38,45,29,14,8,27,28,0
110,2005.01.08,3,4566262000,7,20,22,23,29,43,1,1
110,2005.01.08,0,0,39,34,19,44,36,9,25,0
109,2005.01.01,12,1246838200,1,5,34,36,42,44,33,1
109,2005.01.01,0,0,34,33,15,45,4,7,6,0
108,2004.12.25,7,1998900772,7,18,22,23,29,44,12,1
108,2004.12.25,0,0,36,3,10,43,20,19,25,0
107,2004.12.18,2,6679927800,1,4,5,6,9,31,17,1
107,2004.12.18,0,0,38,43,22,6,33,5,27,0
106,2004.12.11,16,810461157,4,10,12,22,24,33,29,1
106,2004.12.11,0,0,13,38,12,23,8,45,14,0
105,2004.12.04,4,3416781450,8,10,20,34,41,45,28,1
105,2004.12.04,0,0,11,7,42,45,30,2,31,0
104,2004.11.27,2,6610743750,17,32,33,34,42,44,35,1
104,2004.11.27,0,0,26,37,12,14,35,25,19,0
103,2004.11.20,8,1691589563,5,14,15,27,30,45,10,1
103,2004.11.20,0,0,29,37,20,32,34,8,38,0
102,2004.11.13,9,1457153067,17,22,24,26,35,40,42,1
102,2004.11.13,0,0,31,11,13,12,35,39,22,0
101,2004.11.06,5,2707297500,1,3,17,32,35,45,8,1
101,2004.11.06,0,0,31,32,43,45,39,40,16,0
100,2004.10.30,4,3315315525,1,7,11,23,37,42,6,1
100,2004.10.30,0,0,4,38,20,6,25,21,9,0
99,2004.10.23,6,2169219050,1,3,10,27,29,37,11,1
99,2004.10.23,0,0,34,24,21,9,41,23,5,0
98,2004.10.16,4,3177972300,6,9,16,23,24,32,43,1
98,2004.10.16,0,0,34,2,21,32,39,26,15,0
97,2004.10.09,9,1496214000,6,7,14,15,20,36,3,1
97,2004.10.09,0,0,6,27,2,18,41,24,30,0
96,2004.10.02,7,1847133515,1,3,8,21,22,31,20,1
96,2004.10.02,0,0,19,44,43,38,45,18,2,0
95,2004.09.25,8,1747741238,8,17,27,31,34,43,14,1
95,2004.09.25,0,0,24,43,18,32,26,3,6,0
94,2004.09.18,6,2245339950,5,32,34,40,41,45,6,1
94,2004.09.18,0,0,22,39,21,34,40,45,26,0
93,2004.09.11,6,2269178150,6,22,24,36,38,44,19,1
93,2004.09.11,0,0,41,17,13,44,33,20,28,0
92,2004.09.04,11,1233270846,3,14,24,33,35,36,17,1
92,2004.09.04,0,0,34,44,10,2,39,40,4,0
91,2004.08.28,4,3582902400,1,21,24,26,29,42,27,1
91,2004.08.28,0,0,8,4,45,6,28,27,44,0
90,2004.08.21,4,3291435300,17,20,29,35,38,44,10,1
90,2004.08.21,0,0,23,20,45,19,7,38,9,0
89,2004.08.14,3,4248321900,4,26,28,29,33,40,37,1
89,2004.08.14,0,0,32,19,20,9,35,3,10,0
88,2004.08.07,4,3069709650,1,17,20,24,30,41,27,1
88,2004.08.07,0,0,5,3,15,9,2,35,40,0
87,2004.07.31,11,1799358055,4,12,16,23,34,43,26,1
87,2004.07.31,0,0,45,30,28,34,10,1,27,0
86,2004.07.24,1,14252186400,2,12,37,39,41,45,33,1
86,2004.07.24,0,0,31,33,36,27,23,8,12,0
85,2004.07.17,4,3462109800,6,8,13,23,31,36,21,1
85,2004.07.17,0,0,12,21,34,27,37,13,33,0
84,2004.07.10,2,7669779000,16,23,27,34,42,45,11,1
84,2004.07.10,0,0,9,16,11,38,20,41,5,0
83,2004.07.03,2,7086948300,6,10,15,17,19,34,14,1
83,2004.07.03,0,0,29,8,10,13,45,42,6,0
82,2004.06.26,1,14562494400,1,2,3,14,27,42,39,1
82,2004.06.26,0,0,36,41,22,23,4,20,6,0
81,2004.06.19,5,2714288880,5,7,11,13,20,33,6,1
81,2004.06.19,0,0,15,19,8,23,25,39,38,0
80,2004.06.12,1,13809540000,17,18,24,25,26,30,1,1
80,2004.06.12,0,0,14,25,8,22,20,27,11,0
79,2004.06.05,4,3416443800,3,12,24,27,30,32,14,1
79,2004.06.05,0,0,5,11,38,19,2,41,20,0
78,2004.05.29,4,3519850000,10,13,25,29,33,35,38,1
78,2004.05.29,0,0,41,38,19,5,29,11,4,0
77,2004.05.22,3,5155758600,2,18,29,32,43,44,37,1
77,2004.05.22,0,0,11,16,43,28,45,21,32,0
76,2004.05.15,2,7451022600,1,3,15,22,25,37,43,1
76,2004.05.15,0,0,24,37,14,6,15,7,3,0
75,2004.05.08,4,3914616900,2,5,24,32,34,44,28,1
75,2004.05.08,0,0,45,31,18,14,12,33,34,0
74,2004.05.01,3,5284949800,6,15,17,18,35,40,23,1
74,2004.05.01,0,0,28,18,34,14,29,41,22,0
73,2004.04.24,6,2766662100,3,12,18,32,40,43,38,1
73,2004.04.24,0,0,24,25,44,11,19,43,30,0
72,2004.04.17,13,3260524600,2,4,11,17,26,27,1,1
72,2004.04.17,0,0,15,23,8,39,24,2,26,0
71,2004.04.10,0,0,5,9,12,16,29,41,21,1
71,2004.04.10,0,0,43,8,27,23,3,26,37,0
70,2004.04.03,3,5031277800,5,19,22,25,28,43,26,1
70,2004.04.03,0,0,15,21,9,12,37,31,39,0
69,2004.03.27,3,4962712200,5,8,14,15,19,39,35,1
69,2004.03.27,0,0,28,45,26,25,21,32,24,0
68,2004.03.20,5,2945882100,10,12,15,16,26,39,38,1
68,2004.03.20,0,0,15,14,25,39,44,29,43,0
67,2004.03.13,7,2114436500,3,7,10,15,36,38,33,1
67,2004.03.13,0,0,37,15,40,28,11,9,25,0
66,2004.03.06,4,3685138200,2,3,7,17,22,24,45,1
66,2004.03.06,0,0,18,6,11,16,10,4,22,0
65,2004.02.28,4,3727945800,4,25,33,36,40,43,39,1
65,2004.02.28,0,0,1,6,26,14,21,3,25,0
64,2004.02.21,4,3899818000,14,15,18,21,26,36,39,1
64,2004.02.21,0,0,6,9,18,31,20,38,45,0
63,2004.02.14,2,7922245500,3,20,23,36,38,40,5,1
63,2004.02.14,0,0,29,43,27,41,14,35,36,0
62,2004.02.07,1,15817286400,3,8,15,27,29,35,21,1
62,2004.02.07,0,0,20,40,11,2,38,23,31,0
61,2004.01.31,5,3541038800,14,15,19,30,38,43,8,1
61,2004.01.31,0,0,25,34,42,4,3,20,5,0
60,2004.01.24,7,2172504600,2,8,25,36,39,42,11,1
60,2004.01.24,0,0,15,5,25,16,32,45,18,0
59,2004.01.17,4,4127587300,6,29,36,39,41,45,13,1
59,2004.01.17,0,0,9,5,4,19,24,45,12,0
58,2004.01.10,4,3676429200,10,24,25,33,40,44,1,1
58,2004.01.10,0,0,8,18,41,19,27,1,39,0
57,2004.01.03,4,4114411900,7,10,16,25,29,44,6,1
57,2004.01.03,0,0,11,6,21,33,3,36,29,0
56,2003.12.27,4,3777570900,10,14,30,31,33,37,19,1
56,2003.12.27,0,0,23,27,14,40,44,7,16,0
55,2003.12.20,2,7088799600,17,21,31,37,40,44,7,1
55,2003.12.20,0,0,26,37,32,40,43,24,15,0
54,2003.12.13,3,5148626600,1,8,21,27,36,39,37,1
54,2003.12.13,0,0,29,21,28,32,24,10,22,0
53,2003.12.06,3,5014371000,7,8,14,32,33,39,42,1
53,2003.12.06,0,0,18,29,34,6,3,31,24,0
52,2003.11.29,4,3900844900,2,4,15,16,20,29,1,1
52,2003.11.29,0,0,29,4,11,45,35,6,40,0
51,2003.11.22,6,2421117000,2,3,11,16,26,44,35,1
51,2003.11.22,0,0,9,38,27,26,29,16,17,0
50,2003.11.15,3,5227061400,2,10,12,15,22,44,1,1
50,2003.11.15,0,0,32,41,8,40,24,42,35,0
49,2003.11.08,7,1967504600,4,7,16,19,33,40,30,1
49,2003.11.08,0,0,18,5,35,25,21,28,27,0
48,2003.11.01,6,2415673600,6,10,18,26,37,38,3,1
48,2003.11.01,0,0,26,44,21,39,34,17,14,0
47,2003.10.25,5,3250042400,14,17,26,31,36,45,27,1
47,2003.10.25,0,0,3,17,13,8,22,40,33,0
46,2003.10.18,3,5327758800,8,13,15,23,31,38,39,1
46,2003.10.18,0,0,26,3,15,22,24,25,19,0
45,2003.10.11,2,8356417800,1,10,20,27,33,35,17,1
45,2003.10.11,0,0,39,26,33,36,42,18,23,0
44,2003.10.04,5,3362155800,3,11,21,30,38,45,39,1
44,2003.10.04,0,0,40,11,14,5,29,24,37,0
43,2003.09.27,1,17749630800,6,31,35,38,39,44,1,1
43,2003.09.27,0,0,29,13,42,4,30,40,27,0
42,2003.09.20,6,6899280100,17,18,19,21,23,32,1,1
42,2003.09.20,0,0,5,45,32,3,29,2,40,0
41,2003.09.13,0,0,13,20,23,35,38,43,34,1
41,2003.09.13,0,0,10,18,19,24,35,4,45,0
40,2003.09.06,13,1147652400,7,13,18,19,25,26,6,1
40,2003.09.06,0,0,18,37,36,26,16,11,27,0
39,2003.08.30,6,2623748800,6,7,13,15,21,43,8,1
39,2003.08.30,0,0,15,20,13,23,36,19,28,0
38,2003.08.23,3,5374866400,16,17,22,30,37,43,36,1
38,2003.08.23,0,0,10,21,33,11,20,44,24,0
37,2003.08.16,3,4985999400,7,27,30,33,35,37,42,1
37,2003.08.16,0,0,29,26,40,16,9,5,33,0
36,2003.08.09,1,16014475800,1,10,23,26,28,40,31,1
36,2003.08.09,0,0,24,38,23,16,39,31,45,0
35,2003.08.02,3,5054598200,2,3,11,26,37,43,39,1
35,2003.08.02,0,0,2,24,27,29,28,44,39,0
34,2003.07.26,5,3056918000,9,26,35,37,40,42,2,1
34,2003.07.26,0,0,36,26,29,12,23,11,3,0
33,2003.07.19,1,14903517600,4,7,32,33,40,41,9,1
33,2003.07.19,0,0,10,31,42,16,39,17,20,0
32,2003.07.12,10,1634528300,6,14,19,25,34,44,11,1
32,2003.07.12,0,0,1,31,11,43,21,38,10,0
31,2003.07.05,2,8106672900,7,9,18,23,28,35,32,1
31,2003.07.05,0,0,9,14,33,20,23,41,1,0
30,2003.06.28,2,8728555500,8,17,20,35,36,44,4,1
30,2003.06.28,0,0,30,3,24,9,20,28,29,0
29,2003.06.21,5,3552594000,1,5,13,34,39,40,11,1
29,2003.06.21,0,0,38,32,6,41,36,15,9,0
28,2003.06.14,10,1700361100,9,18,23,25,35,37,1,1
28,2003.06.14,0,0,32,20,13,2,17,41,21,0
27,2003.06.07,2,9543982500,1,20,26,28,37,43,27,1
27,2003.06.07,0,0,24,11,13,36,10,44,7,0
26,2003.05.31,5,3495069900,4,5,7,18,20,25,31,1
26,2003.05.31,0,0,36,30,29,13,44,38,1,0
25,2003.05.24,2,24227745300,2,4,21,26,43,44,16,1
25,2003.05.24,0,0,17,13,12,32,8,21,18,0
24,2003.05.17,0,0,7,8,27,29,36,43,6,1
24,2003.05.17,0,0,25,11,7,3,44,41,39,0
23,2003.05.10,4,4317947700,5,13,17,18,33,42,44,1
23,2003.05.10,0,0,19,11,14,10,30,29,45,0
22,2003.05.03,4,4552194900,4,5,6,8,17,39,25,1
22,2003.05.03,0,0,44,12,18,40,24,32,5,0
21,2003.04.26,23,797475400,6,12,17,18,31,32,21,1
21,2003.04.26,0,0,34,15,35,31,1,23,7,0
20,2003.04.19,1,19352212800,10,14,18,20,23,30,41,1
20,2003.04.19,0,0,16,9,7,5,30,35,19,0
19,2003.04.12,1,40722959400,6,30,38,39,40,43,26,1
19,2003.04.12,0,0,1,35,44,23,9,41,34,0
18,2003.04.05,0,0,3,12,13,19,32,35,29,1
18,2003.04.05,0,0,13,18,20,14,26,24,35,0
17,2003.03.29,3,5349491200,3,4,9,17,32,37,1,1
17,2003.03.29,0,0,27,40,38,5,6,20,36,0
16,2003.03.22,4,4377146100,6,7,24,37,38,40,33,1
16,2003.03.22,0,0,41,13,2,18,42,1,10,0
15,2003.03.15,1,17014245000,3,4,16,30,31,37,13,1
15,2003.03.15,0,0,17,13,18,21,35,15,12,0
14,2003.03.08,4,9375048300,2,6,12,31,33,40,15,1
14,2003.03.08,0,0,21,29,25,8,33,36,38,0
13,2003.03.01,0,0,22,23,25,37,38,42,26,1
13,2003.03.01,0,0,41,14,26,28,45,3,37,0
12,2003.02.22,12,1348845700,2,11,21,25,39,45,44,1
12,2003.02.22,0,0,21,14,31,25,35,1,33,0
11,2003.02.15,5,4780152300,1,7,36,37,41,42,14,1
11,2003.02.15,0,0,29,27,21,2,33,36,1,0
10,2003.02.08,13,6430437900,9,25,30,33,41,44,6,1
10,2003.02.08,0,0,13,34,22,42,37,6,9,0
9,2003.02.01,0,0,2,4,16,17,36,39,14,1
9,2003.02.01,0,0,40,9,25,19,37,38,18,0
8,2003.01.25,0,0,8,19,25,34,37,39,9,1
8,2003.01.25,0,0,40,28,18,44,17,2,14,0
7,2003.01.18,0,0,2,9,16,25,26,40,42,1
7,2003.01.18,0,0,8,10,5,35,34,41,17,0
6,2003.01.11,1,6574451700,14,15,26,27,40,42,34,1
6,2003.01.11,0,0,11,25,17,28,16,40,27,0
5,2003.01.04,0,0,16,24,29,40,41,42,3,1
5,2003.01.04,0,0,14,2,21,41,37,7,35,0
4,2002.12.28,0,0,14,27,30,31,40,42,2,1
4,2002.12.28,0,0,17,20,2,13,25,16,32,0
3,2002.12.21,1,2000000000,11,16,19,21,27,31,30,1
3,2002.12.21,0,0,24,31,17,38,33,44,20,0
2,2002.12.14,1,2002006800,9,13,21,25,32,42,2,1
2,2002.12.14,0,0,33,7,27,37,9,19,36,0
1,2002.12.07,0,0,10,23,29,33,37,40,16,1
1,2002.12.07,0,0,27,19,31,12,28,29,14,0