{
    // See https://go.microsoft.com//fwlink//?linkid=834763 for more information about this file.
    "configurations": [
      {
        "name": "x64-Debug",
        "generator": "Ninja",
        "configurationType": "Debug",
        "inheritEnvironments": [ "msvc_x64" ],
        "buildRoot": "${projectDir}\\build\\${name}",
        "cmakeCommandArgs": "-DCMAKE_TOOLCHAIN_FILE=C:\\vcpkg-master\\scripts\\buildsystems\\vcpkg.cmake",
        "buildCommandArgs": "-v",
        "ctestCommandArgs": ""
      },
      {
        "name": "x64-Release",
        "generator": "Ninja",
        "configurationType": "Release",
        "inheritEnvironments": [ "msvc_x64" ],
        "buildRoot": "${projectDir}\\build\\${name}",
        "cmakeCommandArgs": "-DCMAKE_TOOLCHAIN_FILE=C:\\vcpkg-master\\scripts\\buildsystems\\vcpkg.cmake",
        "buildCommandArgs": "-v",
        "ctestCommandArgs": ""
      }
    ]
}