id,Emotion
10363,0
10503,0
2607,0
3044,0
4786,0
7374,0
7092,0
12940,0
3219,0
12626,0
9741,0
7146,0
3227,0
2548,0
12812,0
8919,0
11031,3
402,0
12341,5
3508,0
562,4
6193,2
3021,0
8766,3
7289,3
9351,4
587,0
7984,0
8566,0
8510,0
8346,0
1905,0
4165,0
8636,0
2051,0
6752,0
6678,1
2290,0
12647,0
4196,1
1646,0
7330,0
6996,3
783,0
12580,0
2903,1
3150,0
883,0
2730,0
9504,0
10916,4
11001,0
1070,0
12902,0
2273,0
386,0
6263,0
5623,0
2980,0
3409,0
5150,0
11547,0
9436,4
1257,0
9703,0
872,0
338,0
3992,1
6537,0
3134,0
2846,0
5357,2
1149,0
7427,0
13244,0
2729,0
2049,0
8891,1
7521,0
6885,3
5699,0
5214,0
6071,0
1445,0
10534,0
11093,0
5878,0
10875,0
3723,1
3414,0
7522,0
11568,5
681,0
5938,0
3351,0
6425,0
2886,0
1780,1
2856,0
7429,0
6156,0
4779,0
7212,0
9293,4
4074,0
12933,0
6290,0
8020,0
13171,0
6648,0
7265,0
7121,0
882,0
7897,0
5022,0
9744,0
1738,0
9085,0
4645,0
12867,0
3344,0
9218,0
10140,0
4399,0
4402,0
2245,0
1072,0
4985,0
7854,0
10728,0
6375,0
8565,0
12296,0
10133,0
5620,0
5198,0
5094,0
11298,5
6679,0
10838,0
12688,0
4381,1
3137,0
10031,0
3180,0
11811,0
971,0
625,0
11533,0
6199,0
10883,4
4408,0
9288,0
7331,3
5829,0
5388,0
7095,0
1366,0
9469,0
7103,3
8923,4
7605,0
4905,2
10932,0
12420,0
9067,0
7722,0
5760,0
4553,0
1346,0
2479,0
12659,0
9806,4
12250,0
262,0
8118,0
828,0
10429,0
7058,0
5023,0
854,0
12053,0
8613,0
1276,0
3102,0
1570,0
11488,0
1312,0
1627,0
10723,0
7637,0
9875,0
796,0
5525,0
12992,0
3748,0
6852,0
10630,0
11987,0
10426,0
3633,0
12388,0
9673,0
4025,1
12191,0
9247,0
6025,3
10865,0
5815,0
7468,0
10964,0
2102,0
11466,0
7197,0
9991,0
2367,0
11484,0
11456,0
863,0
3189,0
1297,0
10365,4
1168,0
5147,2
9675,4
10642,0
662,0
9343,0
412,0
8386,0
2615,0
9155,0
169,0
5314,0
2466,0
7953,0
2838,0
2697,1
6269,0
3202,0
7940,0
9336,3
10189,0
12199,0
5479,4
1153,0
12997,0
9233,0
7797,0
2341,0
6586,0
7969,0
9361,0
10774,0
2551,0
3335,1
6907,0
8868,0
5066,0
1217,0
12695,0
8298,3
13046,0
8039,0
600,0
9941,0
11386,0
2747,0
10984,0
10587,4
3147,0
8888,0
5050,0
1238,0
9041,0
10161,0
153,0
5523,0
6534,0
1819,0
5559,0
12862,0
3130,0
7879,0
9274,0
717,0
7540,0
6050,0
5779,0
3859,0
3793,0
12095,0
5616,0
4228,0
8444,0
3113,0
7051,0
9970,0
5377,0
3894,0
6029,3
1199,0
6691,0
3407,0
4603,0
10802,0
1846,0
9901,0
7906,0
11234,0
5674,0
347,0
11796,0
1367,0
12555,0
10431,0
2439,0
4095,0
10789,4
6218,2
7732,0
2545,0
9683,0
3192,0
11886,0
6715,0
9614,3
945,0
10009,0
2449,0
9965,0
7489,0
8970,0
5718,0
6864,0
12684,0
9546,4
12944,0
7132,0
2168,0
13173,0
2194,0
8843,0
241,0
9549,4
13140,0
2294,0
11517,0
8222,0
1751,0
10722,0
10758,0
7504,0
11773,0
2509,1
7351,0
10218,0
3784,0
848,0
12890,0
8588,0
9385,0
13008,0
4065,1
2086,0
9841,0
1624,0
7479,0
4158,0
10637,0
6713,0
252,0
2693,0
2349,0
5542,0
5391,0
1630,0
50,0
11448,0
4217,0
10906,0
12285,0
12885,0
6037,0
2092,0
4524,0
7539,3
10872,0
5943,0
1461,0
2654,0
4012,1
1698,0
2319,0
7811,0
8538,0
5808,2
6197,0
11863,5
6567,0
10172,0
5724,0
3449,0
2915,0
13116,0
12544,0
1834,0
3491,0
8348,0
9534,0
10748,0
9685,0
10904,0
3099,0
7613,0
8334,3
10065,4
6075,0
11362,0
1400,0
6350,0
1985,0
10953,0
12084,0
1868,0
19,0
4502,0
3007,0
3958,0
9306,4
4952,0
3341,0
10222,0
10310,0
12873,0
11585,0
1392,0
8915,4
5361,0
10672,0
4865,2
5885,0
11539,5
11166,0
8757,3
9736,0
10265,4
4098,0
5509,0
2981,0
9959,0
8735,0
11525,0
10421,1
132,0
8502,0
6091,0
9770,4
3864,0
4668,0
3303,0
249,0
2711,0
6488,3
11198,0
3049,0
1532,0
7505,0
6684,0
1250,0
2181,0
9379,0
7257,0
12045,5
6763,0
1252,0
7049,0
12486,0
9987,0
11113,0
595,0
8156,0
7661,0
6281,2
2250,0
12588,0
5924,0
6484,0
4916,0
11121,0
12291,0
4607,0
9377,0
4259,0
2577,1
3773,1
11509,0
9543,0
5300,0
5859,0
5176,3
683,0
9582,0
9862,0
4886,0
5775,0
4093,0
3796,0
9122,0
8104,0
657,0
116,0
8595,1
8722,0
403,0
1818,0
11928,0
5533,0
8989,0
1728,0
13049,0
5870,0
8755,0
1246,0
4195,0
4354,1
431,0
4229,0
1796,0
851,0
12044,0
511,0
5370,0
10568,0
6555,0
6603,0
8653,0
2774,0
6104,0
7395,0
3947,0
8175,0
5630,0
9244,0
9415,0
3222,0
1432,0
4519,0
9797,0
3280,0
6335,0
5647,0
9745,0
9667,0
7798,0
9928,0
9334,0
4023,0
4879,0
13221,3
10192,0
5061,0
4529,0
13056,0
7764,0
404,0
7108,0
1675,0
6076,0
12306,0
1523,0
9099,0
6446,0
2442,0
4073,0
4106,0
4896,0
3195,0
1077,0
10604,4
4276,0
1139,0
7171,0
11230,0
5358,0
3131,0
9213,0
10718,0
7644,0
7716,0
933,0
3848,1
957,0
2173,0
10899,4
5219,0
11381,0
3790,1
4497,0
2149,0
8393,0
5794,2
2674,3
4080,1
2630,0
6398,0
3454,0
9903,0
3387,0
11134,0
6923,0
795,0
12806,5
10041,4
454,0
3645,0
11399,0
13111,0
8251,0
10602,0
9561,0
12685,0
12528,0
3807,0
4130,1
3725,1
6233,0
11804,0
5444,0
11404,0
7181,0
8853,0
1884,0
6012,2
8093,0
5942,0
11620,0
2480,0
2736,0
3576,1
1597,0
8728,0
2022,0
13121,0
6938,0
11897,0
444,0
9531,0
12058,0
10292,0
9961,0
11236,0
13154,0
9176,0
1760,4
11382,0
7796,0
12634,5
10674,0
11753,0
11580,0
9588,4
11176,0
11254,0
9399,0
190,0
1895,0
7254,0
6664,0
11980,0
2272,0
3248,0
6742,3
4418,0
3819,1
3908,0
7737,0
5602,0
7497,0
4240,0
9171,0
3191,0
7440,0
5245,0
8571,0
8201,0
12909,0
6991,0
884,0
2060,0
9093,0
7347,0
8737,0
5105,0
7193,0
11962,0
11427,0
6824,3
7454,0
12608,5
8743,0
13086,0
8855,4
3286,0
10405,0
9423,0
4361,0
9070,0
8422,0
9749,4
10840,0
10506,0
11755,0
3308,1
7534,0
11027,0
9852,0
747,0
11421,0
7920,0
2662,0
9826,0
3862,0
11721,0
3815,0
6441,3
9270,4
9433,0
1410,0
2171,0
8993,0
2966,0
8501,0
11229,0
12654,0
7411,3
6125,0
4988,2
6100,0
2256,0
8599,0
7033,0
1937,0
1955,0
6779,0
1515,0
6579,0
11412,0
8012,0
9426,0
11631,0
10739,0
12521,0
5367,0
6311,0
12124,0
12687,0
7538,0
6830,0
2871,1
4725,0
8821,0
12243,5
7577,4
13229,0
8772,0
7260,3
6950,0
3434,0
1343,0
2026,0
11378,0
11681,0
10558,0
10455,4
10764,4
804,0
7536,0
12135,0
8304,0
6771,0
1758,0
11579,0
4199,0
3075,0
12706,0
9158,4
1354,3
989,0
11600,0
11530,0
5502,0
5626,0
7110,3
762,0
7084,3
7352,0
9262,0
7240,0
320,0
953,0
11270,0
11507,0
11468,0
1756,0
9388,0
1743,0
1542,0
12773,0
9525,0
9680,0
2770,3
6816,0
12144,0
1101,0
10705,4
10681,4
7375,0
866,0
911,0
1321,1
10511,0
8500,0
8707,0
7631,3
2072,0
4516,0
12908,0
10307,0
545,0
10981,0
10369,0
10373,0
4409,0
5073,0
4894,0
3808,0
4245,0
6061,0
1236,0
676,0
9055,0
2362,0
2451,0
12918,0
769,0
10101,0
2443,0
10465,0
216,0
11076,0
4363,0
6130,0
790,0
9988,0
5817,0
8402,0
2139,0
3244,0
10415,0
10852,0
3912,0
7860,0
12839,0
4522,0
7355,0
1059,4
11521,0
11188,0
9207,0
5929,0
13084,0
2412,0
12739,0
12799,0
8712,0
10042,0
738,0
6245,0
8854,4
8057,0
1589,0
1783,0
5625,2
8225,0
1682,0
8624,0
2057,0
5299,2
1485,0
1141,0
2135,0
8614,3
459,0
9946,4
9224,0
5302,0
10340,0
3779,0
34,0
8173,0
7204,0
4369,0
10966,0
12565,0
10022,0
10982,0
5354,0
3868,0
4237,0
5803,0
2048,0
12414,0
474,0
1282,0
1468,0
10136,0
11782,0
5365,0
8692,0
4209,1
5204,0
5685,0
11039,0
1701,0
7364,0
3672,0
7445,0
9318,4
11604,0
789,0
6755,4
2312,0
8914,0
4708,3
12245,0
13103,0
75,0
9024,0
1990,0
3155,0
11737,0
8524,0
4620,0
400,0
11511,0
5584,0
5568,0
6967,0
12971,0
10209,0
9294,0
6735,3
12487,3
5436,0
11939,0
4498,0
9484,0
4345,1
8335,0
10805,0
2461,1
3442,0
13035,0
3144,0
10227,4
2339,0
11617,0
6889,0
7170,0
3939,0
8809,0
2825,0
1158,0
11854,0
4901,0
1136,0
9164,0
7087,0
399,0
10011,0
4610,0
12834,0
1311,0
1939,0
5321,0
5638,0
330,0
176,0
12138,5
5100,0
815,0
11493,0
3869,0
4755,0
1807,0
33,0
13174,5
11778,0
6458,3
12175,0
6682,0
6220,0
5031,0
1267,0
6583,0
5109,0
4930,0
6353,0
2602,0
10251,0
9386,0
12922,0
912,0
2148,0
9982,0
8190,0
2073,0
2699,0
8978,0
12108,0
1399,0
9560,0
13022,0
12132,0
11572,0
7667,0
11752,0
9728,0
12793,0
3785,0
12547,0
8922,0
7059,0
8532,0
8129,0
11440,0
3038,0
473,0
117,0
7015,3
10055,0
357,0
8776,0
10632,4
4657,0
11035,0
1679,0
6572,0
4564,0
8937,0
8350,0
10707,0
7778,0
8659,0
98,0
4188,0
11801,0
1823,0
12821,0
3956,0
12176,5
2992,0
9725,4
1940,0
9620,0
5273,2
7884,3
10147,4
9181,0
1305,0
4627,3
12726,5
10334,0
10565,0
8608,0
8534,0
10438,4
11172,0
10959,0
5686,2
11665,5
10596,0
5864,0
6210,0
5173,0
3464,0
3783,1
12382,0
11241,0
3419,0
876,0
407,0
13228,0
10950,3
10472,4
8022,0
9497,0
12323,0
4921,0
10825,4
2768,0
10745,0
4187,0
4503,0
3307,0
4174,1
5192,3
10271,4
466,0
2931,0
10771,0
11810,0
7905,0
9596,0
5259,0
5705,0
197,0
7755,0
6777,0
5754,0
5980,0
5278,2
2418,1
5399,0
10411,0
9566,0
11746,0
149,0
7073,0
5024,0
11179,0
6341,0
8908,0
11903,0
2557,0
5619,0
11383,0
6897,3
9008,0
11380,0
12159,0
2295,0
9621,3
10000,0
11680,0
5157,0
6851,0
2845,0
833,0
12436,0
11858,0
3638,0
11226,0
5877,0
13025,0
12527,0
4861,0
8822,0
9898,0
12308,5
9706,0
6912,0
6385,0
8476,0
763,0
9017,4
10524,0
9932,0
740,0
2600,0
8574,0
2016,0
3411,0
293,0
919,0
1115,0
13223,0
9723,0
1464,0
441,0
1031,0
8577,0
2555,0
9956,0
2534,1
1498,0
3311,0
11671,0
6258,0
4608,0
8446,0
6230,0
11452,0
6762,0
157,0
750,0
5181,0
10237,0
2109,0
4570,0
3392,0
5532,0
1066,0
2434,0
1213,0
2726,0
760,0
10152,4
6010,0
6628,0
1979,0
11805,0
758,0
5881,0
3985,0
4122,1
7928,0
6766,3
6544,0
3083,1
3934,0
5103,0
9828,0
10475,4
2038,0
8208,0
12028,0
4287,0
2820,1
10660,4
6354,0
5910,3
11101,0
1922,0
4384,0
2445,0
7001,0
5634,0
11598,0
7779,0
125,0
7403,0
12457,0
10196,0
3206,0
2749,0
7326,0
9781,0
9712,3
8930,0
12947,0
1306,0
504,0
9457,3
3933,1
8703,0
7970,0
8681,0
9902,0
5390,0
3306,0
5013,0
4979,0
5389,0
8741,0
4203,0
1685,0
8056,0
2486,0
8235,0
4260,0
7791,3
11154,0
684,0
11209,0
7297,0
9574,0
4554,0
10420,0
5141,0
8415,0
2064,0
4164,0
1407,0
8351,0
1507,0
4013,0
2692,0
8440,0
6989,0
28,0
4221,0
7082,0
4803,0
6393,0
10263,0
4660,4
1852,0
12703,0
12550,0
6590,0
4086,0
3163,0
7956,3
825,0
10239,4
6204,0
7219,0
7815,0
10778,0
10829,0
9065,0
8710,0
4506,0
7188,0
13196,0
4353,0
7988,0
4446,2
4626,0
4877,3
6932,0
751,0
6708,0
641,0
5912,0
3533,1
9878,0
2496,0
7464,0
8513,0
9459,0
2472,3
5149,0
5667,0
4508,0
12331,0
2167,0
5195,4
9899,0
3199,0
7620,0
10386,0
2053,0
858,0
2407,0
4654,2
3544,0
10444,0
7262,0
10850,0
8832,0
10902,0
38,0
2010,0
2970,0
11807,0
5766,0
12772,0
4076,0
469,0
8866,0
9731,4
6758,0
6729,0
6536,0
2468,0
10583,0
10753,0
1109,0
4653,0
4999,0
4365,0
6088,0
11023,0
2790,0
7691,0
5277,0
12241,0
7918,0
12764,0
10717,0
12081,1
3632,0
11119,0
7358,3
5913,0
1349,0
1784,0
12071,5
7640,0
6745,0
1081,0
3453,0
5566,0
10737,0
10911,0
11628,0
5298,0
5662,0
2473,1
9479,0
5483,0
7069,0
7955,0
1774,0
3907,1
6498,0
11632,0
9969,4
8329,3
4923,0
4062,0
11888,0
574,0
4887,2
870,0
927,0
223,4
5363,0
8027,0
9800,3
639,0
3009,0
13127,0
5589,0
3317,0
9429,4
2368,0
9696,0
3999,0
5721,0
3598,0
4811,2
9570,4
7115,0
1881,0
4105,0
10975,0
6987,0
207,0
9748,0
11929,0
1787,0
11286,5
6203,0
4394,0
6750,0
4714,0
11127,0
7957,0
2267,1
8629,3
11703,5
7520,0
5806,0
827,0
6604,0
11691,0
4002,0
8480,3
6480,2
1093,3
8330,1
6326,0
7880,0
2356,1
8085,0
2877,0
11250,0
12700,0
10168,0
11780,0
7391,0
5396,0
7725,0
8009,0
4715,0
2949,0
3129,0
1197,0
12829,0
8177,0
9983,0
7037,0
10592,0
4451,3
675,0
11057,1
6627,0
9376,4
391,0
11569,0
6049,0
263,0
8684,0
1793,0
6002,0
0,0
6711,0
7944,0
2370,1
12177,0
8568,0
12148,0
7608,0
10174,0
6018,3
1631,0
7209,3
10600,4
6402,0
12953,0
80,0
11730,0
2632,0
9669,0
10273,4
5946,0
6575,0
2947,1
1002,0
2844,0
11274,0
7728,0
1434,0
11911,0
12893,0
2585,0
1045,0
11350,0
1065,0
11925,0
4143,0
6503,0
11823,0
5846,0
6322,0
2158,0
12595,0
4754,0
4783,2
264,0
2399,0
3048,0
4426,0
5926,0
3551,0
2007,0
12993,0
9836,0
5211,0
2156,0
569,0
7559,0
6236,0
1325,0
9358,0
4785,2
8791,0
4536,0
4357,0
11751,5
969,0
8146,0
913,0
64,0
1557,0
821,0
2154,0
62,0
5481,0
4009,0
9889,0
6472,0
11795,0
2916,1
3084,0
5873,0
11918,0
2656,0
1856,0
12094,0
12326,0
1326,0
5331,2
4562,0
9013,0
6154,2
5333,0
9349,0
11938,0
5959,0
5595,0
4032,0
9367,0
10724,0
5387,3
11160,0
6185,0
4947,0
12856,0
3584,0
13163,0
4468,0
12830,0
12636,0
732,0
1734,0
6817,0
2246,3
6438,0
6133,0
492,0
11948,0
3898,0
10986,4
1060,0
8873,0
6554,0
4059,0
11709,0
4810,0
1008,0
10325,0
4808,0
11842,0
7518,0
12475,0
6053,0
12732,0
4837,0
7659,0
10144,0
1152,0
1509,0
3657,0
4816,0
8337,0
7233,0
4415,0
2163,0
12390,0
753,0
10759,0
1011,0
1548,0
10736,0
5985,0
8860,0
4344,0
2782,0
11875,0
8210,0
2755,0
5778,0
2852,3
7573,0
5482,0
10978,0
7100,0
7552,0
11955,0
11756,5
10469,0
1492,0
10130,0
5712,0
7802,0
12146,0
1862,0
8072,0
9883,0
10375,0
1092,0
1661,0
3342,0
1145,0
13133,0
7333,0
6077,0
1705,0
5498,0
6434,0
2172,0
2560,0
9753,4
3883,0
2390,0
11486,0
9071,0
11614,0
1500,0
3404,0
11822,0
1021,0
10400,0
928,0
10255,0
13212,0
5872,0
8944,0
4909,0
6587,2
3854,0
9432,0
6253,0
2964,0
1893,0
6975,0
9515,0
1876,0
9670,0
3673,0
9654,0
4049,0
7748,4
4434,0
9036,0
7958,3
7242,0
395,0
9743,4
2836,0
12570,0
6047,2
7286,0
5979,0
11369,0
5676,3
13145,0
6090,0
7415,0
7368,0
728,0
5950,0
4298,0
6139,0
627,0
12738,0
97,0
12483,0
3124,1
6541,0
2754,0
11498,0
1384,0
5346,0
1923,0
8343,3
1696,0
3078,1
4421,0
12511,0
9751,4
1119,0
11438,0
12965,0
655,0
10537,0
6186,0
4338,0
4875,0
12451,0
12860,0
10500,0
9778,0
1676,0
10538,0
10280,0
6213,2
8137,0
11972,0
5441,0
7343,0
5816,2
5059,0
11621,0
2788,0
3136,0
726,0
8050,0
12689,0
9700,0
11071,0
2475,0
4616,0
12168,0
3393,0
1948,0
7093,0
10821,0
7119,0
659,0
9371,4
12284,0
11542,0
6529,0
2355,0
10516,0
9353,4
7914,0
1865,0
1986,0
12304,0
2235,0
4321,0
11647,0
12974,0
10741,4
6649,0
11715,0
3029,0
12198,0
8034,3
10725,4
2987,0
12510,0
2094,0
4485,0
13015,0
2265,1
12629,0
3730,0
4530,0
981,0
10792,0
6462,0
4520,0
3221,0
2280,1
11682,5
13236,0
1633,0
11420,0
1912,0
1155,0
10200,4
4151,0
8466,0
7199,0
7765,0
12897,0
604,0
6384,0
11704,0
5379,0
3440,0
1212,0
12708,0
3706,0
6860,0
2037,0
13164,0
6070,2
3245,0
11338,0
8423,1
6296,0
13073,0
7639,0
3459,0
12529,0
1806,0
8163,0
565,0
9175,0
9106,0
11387,0
9495,0
1443,4
4016,0
5055,0
5054,3
6594,0
2598,0
8529,0
4428,0
6285,3
11610,0
6209,0
9437,0
1930,0
6788,0
12837,0
93,0
13202,0
11047,0
202,0
1012,0
5184,2
6901,0
13036,5
702,0
11243,0
10894,0
11371,5
4053,0
8395,0
12448,0
8585,0
5316,0
10359,4
9520,0
8425,0
5557,0
737,0
7021,0
12623,0
7184,0
3176,1
12092,0
9569,0
12615,0
10141,0
8340,3
5315,0
4686,0
5401,0
6121,0
3928,0
1527,0
7039,0
94,0
10967,0
437,0
8550,0
2591,0
9404,0
7831,0
201,0
1215,0
3811,0
9413,0
5043,0
7485,3
6364,4
3375,0
455,0
11214,0
13010,0
4136,1
6107,0
10989,0
12034,0
4949,0
5305,0
137,0
7840,0
2750,0
10553,0
541,0
10185,0
3603,0
7477,0
12360,0
12122,5
452,0
9142,0
2849,0
10709,0
10142,0
5977,0
12427,0
10473,0
9641,4
11736,0
6152,0
12725,0
11088,5
1020,0
10970,0
7752,3
6329,0
7448,0
5921,0
3660,0
2982,0
5551,0
6094,0
4782,0
4413,1
9995,0
10068,0
1612,0
3193,0
6437,0
5293,0
3148,0
1108,0
6305,0
8430,1
10836,0
11769,0
10003,0
6003,0
7965,0
8,0
6808,0
12474,0
6722,0
5247,0
4350,0
10563,0
2011,0
958,0
3932,0
1388,0
8604,0
12217,0
12023,0
6078,0
8763,0
3499,0
337,0
4820,0
8630,0
9460,4
8734,0
11011,0
13101,0
1587,0
8333,0
10915,4
8781,0
12078,5
7371,0
773,0
667,0
10924,0
6314,0
11976,0
3361,0
10179,0
9356,0
4567,0
3359,0
5497,0
8767,0
3067,0
7853,0
6321,3
3630,0
6084,0
284,0
7175,0
9146,4
959,0
3066,0
7232,0
4710,0
11636,0
397,0
12114,0
217,0
9548,0
713,0
5140,0
12371,0
11877,5
2228,0
7609,0
5236,0
7838,0
10389,0
5503,0
5586,0
10001,0
4667,0
79,0
3760,0
9227,0
7258,0
6165,0
10108,0
1051,0
4477,0
8742,0
10186,0
2778,0
6953,0
3921,0
4290,1
5575,3
7983,0
7463,0
2286,0
7302,0
10250,0
9539,4
9681,0
3943,0
3804,0
279,0
12571,0
11695,0
4129,0
6371,0
13185,0
11211,0
11247,0
10647,0
11277,0
5544,0
5956,0
8292,0
9331,0
2857,0
5308,0
524,0
6328,0
6502,0
11017,0
9269,0
4396,0
766,0
875,0
2457,0
6323,0
3791,0
2695,0
5154,2
7425,0
12082,0
11310,0
9286,0
8189,0
13175,0
5021,0
4692,0
2880,0
10828,0
119,0
9185,0
13222,0
4704,0
2663,0
4827,0
11049,5
8870,0
2895,1
8683,0
2608,0
2917,0
5427,2
3960,0
4711,2
5049,0
9718,3
12517,0
6161,0
12581,0
3595,1
9320,4
245,0
1123,0
2869,0
7003,0
9446,4
1519,0
9820,4
3305,0
6917,0
7259,3
7808,3
10361,0
11013,0
10328,0
1150,0
8830,0
9575,0
4109,0
6365,0
1365,0
4306,1
7933,0
1398,0
10007,0
7397,0
7456,0
1976,0
3884,0
8847,4
4764,0
11872,0
4775,0
13160,0
2477,1
1256,0
12501,5
7056,0
4034,0
5319,0
46,0
9130,4
13045,0
6805,0
5909,0
11282,0
11792,0
3821,0
8475,0
9139,0
8936,0
4178,0
7434,0
7217,0
7482,0
3550,0
8438,0
1214,0
22,0
2420,0
4915,0
9157,4
6952,0
11196,0
1674,0
9958,0
10409,0
13216,0
6194,0
6011,0
499,0
12381,5
7816,0
204,0
9951,0
11800,0
5843,0
9674,0
1240,0
8816,0
7866,0
1863,0
10643,4
11862,0
5617,0
3043,1
12942,0
11560,0
10627,0
540,0
3090,0
11767,0
6442,0
9948,0
12343,0
11037,4
3525,0
5672,0
10372,4
5629,0
11659,5
6188,0
10356,0
7050,0
5694,0
8825,0
4459,0
235,0
12536,0
3591,0
3485,0
9823,0
13097,0
1218,0
9897,0
1762,0
8458,0
6660,0
9115,0
160,0
11171,3
3703,1
10800,4
6569,2
1062,0
4862,0
2155,0
9435,0
12709,5
7845,0
460,0
6865,0
2932,0
301,0
3917,0
11161,0
12059,0
8693,0
10645,4
2427,0
6842,0
623,0
2594,1
154,0
7781,0
7383,0
6672,0
7281,0
9935,3
359,0
5738,0
568,0
9034,0
9639,0
11867,0
8016,0
5240,0
3063,0
6694,0
6716,0
1916,0
12875,0
8906,4
1296,0
12633,0
10488,0
11776,0
8786,0
12372,5
3743,0
2870,0
12273,0
8069,0
6662,0
7293,0
8410,0
2230,0
7657,0
6516,0
2030,0
1016,0
7873,0
11406,0
1183,0
3639,0
10324,1
652,0
10181,0
10406,4
472,0
9912,0
11210,0
4845,0
1409,0
3666,0
5782,0
8667,0
5328,0
7926,4
10979,0
9923,0
6707,0
9059,0
4360,0
6034,0
4135,0
9000,4
7109,0
95,0
5725,0
489,0
12907,0
4160,0
4011,0
2147,0
12472,0
12886,0
12790,0
6599,0
11081,0
800,0
8400,0
2988,0
6486,0
5697,0
4685,0
9482,0
3776,0
11051,0
10178,0
3761,0
9664,0
6403,0
4134,0
12596,0
6602,0
4903,0
550,0
2152,0
697,0
7444,0
5098,0
10125,0
1611,0
4880,2
8719,0
1693,0
5137,0
2105,0
11758,0
7616,0
6650,0
2911,0
837,0
10183,3
9818,4
11273,0
8443,0
8523,0
4250,0
5487,0
11025,0
3349,0
9763,0
9152,0
10396,4
6190,2
9352,0
7574,0
12955,0
1143,0
3035,0
1822,0
10075,0
7167,0
206,4
7284,3
1504,0
9080,0
12825,5
8658,0
2811,1
11779,0
1995,0
1205,0
10332,0
1206,0
2688,1
12008,0
9917,0
4576,0
9389,0
8921,0
8850,0
10639,4
6399,0
3581,1
9154,0
3871,0
8880,0
7369,0
10501,0
11825,0
2153,0
4934,0
151,0
11457,0
1324,0
7886,0
11336,0
11449,0
7512,0
2621,0
9420,0
5326,0
10150,0
11426,0
8083,0
9277,3
12325,0
1997,0
899,0
5710,0
10650,4
8834,0
12179,0
12417,0
5409,0
996,0
10598,0
6394,0
6552,0
5989,0
12466,0
4581,0
7731,0
2817,0
10992,0
12648,0
8884,0
7621,3
12931,0
10636,0
8394,0
4185,0
12102,0
5621,0
7494,0
10929,4
40,0
8315,4
9382,4
1664,0
6517,0
12768,0
10171,0
11920,0
546,0
687,0
1417,0
372,0
716,0
2274,0
5889,0
7925,4
392,0
6740,0
6774,0
10425,0
3524,0
7043,3
8134,0
4986,0
10552,0
12585,0
11312,0
1295,0
2062,0
159,0
3088,0
11295,0
5962,0
4639,0
10526,4
11252,0
8612,0
2320,0
4621,2
11317,0
8089,0
384,0
10586,4
8106,0
6930,3
4844,0
4914,0
12668,0
5919,0
11555,3
7213,0
5695,0
9934,0
7566,0
5784,2
5053,0
12642,0
10476,0
4469,0
12030,0
8731,0
10655,0
3133,0
5987,0
791,0
5671,0
2590,0
13220,0
4115,0
977,0
1162,0
4057,0
2642,0
9295,0
6006,0
2039,0
8935,0
3892,0
2989,0
3431,0
255,0
7241,0
11999,0
3583,1
11765,0
6854,0
6881,0
8362,0
3976,0
4347,0
5528,0
10230,0
3697,1
5270,0
133,0
6312,0
9907,0
9194,0
10057,4
4224,0
11392,0
6470,0
2150,0
6448,0
2575,0
1129,0
3716,0
11536,0
9867,4
6347,0
12960,0
3736,0
11410,0
12140,0
2285,0
9689,0
11342,0
11246,0
57,0
5327,2
9886,0
9267,4
9704,4
2380,0
11731,0
4145,0
1003,0
11063,0
4795,0
6282,0
11940,0
3492,0
1156,0
8499,0
5085,0
11992,0
8412,3
9771,4
417,0
5501,0
12397,0
6767,0
3348,0
12923,0
11297,0
2727,0
3852,0
7675,0
1917,0
12249,0
4483,0
5231,2
12537,0
317,0
13142,0
4743,0
539,0
6900,0
577,0
9246,4
1035,0
4180,0
6302,2
5484,0
12882,0
3208,0
8450,0
12506,0
7710,0
4801,0
2226,0
2840,0
5077,0
6035,0
2973,0
1135,0
12667,0
12599,5
5521,0
10063,0
8784,0
6730,0
7017,0
9709,0
4484,0
143,0
2905,1
9340,0
16,0
10509,3
10402,0
2868,0
4600,0
6835,0
5243,0
12185,0
12771,0
9775,0
5452,0
4355,0
8812,0
8485,0
9312,0
1331,0
9931,0
1140,0
4925,0
10398,0
4577,0
6924,3
1,0
8547,0
10790,0
2707,0
5340,0
12733,0
5558,0
5237,2
12119,0
11003,4
6080,0
2247,0
2215,0
8634,0
5974,0
8058,0
5343,0
68,0
11010,0
3767,0
11288,0
3702,0
7833,0
2604,0
8733,0
5368,0
11596,0
4343,0
3612,0
7151,0
11014,4
12656,0
2065,0
9023,0
2761,0
5707,0
7735,0
8088,3
2441,0
2299,0
2282,1
8607,0
6927,0
3205,0
11959,0
10275,0
11357,0
4100,0
11372,5
4084,0
11931,0
3152,0
967,0
8368,0
6956,0
1224,0
5246,2
9499,0
6550,2
7424,0
814,0
9980,0
8813,0
8494,0
12387,0
608,0
5446,2
6918,0
11512,0
3294,0
7145,3
10871,0
36,0
13042,5
7353,3
2809,0
10539,3
10352,0
5948,0
9793,0
4092,1
1230,0
635,0
11686,0
734,0
6822,0
1647,0
8090,0
3628,0
1186,0
4148,1
1978,0
1339,0
2185,0
8769,0
10755,0
10085,1
6829,0
2908,0
5083,0
2753,0
6308,0
7828,0
9921,4
6229,0
10260,0
4854,0
9223,4
8214,0
4327,0
7698,0
13109,0
9541,0
9161,0
11319,5
7775,3
12616,0
3484,0
2066,0
1439,0
11591,0
1099,0
2808,0
8061,0
12763,0
4383,4
7101,0
3143,0
10823,4
10480,0
11096,0
90,0
4720,0
5153,0
4375,0
6358,0
10858,0
6127,0
5089,0
6693,0
12811,0
2723,0
8453,3
731,0
6877,4
11358,0
3809,0
5861,0
7459,0
2196,0
6327,0
12678,0
586,0
9448,0
9096,3
5890,0
13225,0
12606,0
6898,0
9225,0
2257,0
6606,0
9027,0
2571,0
6976,0
580,0
7902,0
10615,0
13108,0
9701,4
1662,0
7406,0
10811,0
3636,0
53,0
9813,0
8014,4
8026,0
4476,0
1195,0
7790,0
7874,0
9242,0
4288,0
8981,0
12973,0
6746,0
456,0
2971,0
12032,0
11641,0
4611,0
11458,0
10720,0
13132,0
2476,0
3161,0
2056,0
12367,0
970,0
17,0
2907,0
8949,0
11790,0
12097,0
4998,4
12651,5
9647,4
9249,0
2629,1
8580,0
12205,0
12403,0
12454,0
2683,0
11586,0
8491,0
6058,0
1648,0
7307,0
2613,0
13239,0
10463,3
7787,0
13136,0
12385,0
9216,0
1358,0
12409,0
5353,0
2996,0
1603,0
12374,0
3190,0
6228,0
9,0
8810,0
3301,1
10561,0
1219,0
2046,0
102,0
8226,3
8259,0
6339,2
186,0
11332,0
12531,0
11293,0
5286,0
12233,0
12025,0
8359,0
12809,0
12972,0
9973,0
6675,0
12767,0
5232,0
12087,0
7922,0
12408,0
12969,0
11880,0
6718,0
7696,0
1721,0
8159,1
5254,0
4008,0
6192,0
2438,0
11105,0
5177,0
12479,0
6513,0
4366,0
2068,0
5400,0
8459,1
8493,0
3889,0
6460,0
6706,0
11895,0
9810,0
983,0
2950,0
640,0
10195,0
5582,0
7705,3
3512,0
826,0
5753,2
12590,0
9926,0
10224,4
9877,0
7234,0
9384,0
7677,0
11577,0
10866,4
6148,0
8381,0
6820,0
12576,0
9705,0
9501,4
10199,0
10184,0
9650,0
10519,0
6264,0
11292,0
9302,0
4910,0
1351,0
3239,0
3719,0
12603,0
5206,2
5313,0
2606,0
9044,0
4033,0
6925,0
7169,0
6465,2
947,0
12068,0
4172,0
6709,0
2302,0
4275,0
3622,0
6775,0
3962,0
8005,0
801,0
9253,4
1568,0
11260,0
7792,0
8299,0
12949,0
7481,0
5510,0
5683,0
6207,0
924,0
7825,3
2164,0
1730,0
4161,0
9257,0
11177,0
11125,0
3241,0
11968,0
10364,0
6433,0
3000,0
7596,0
1776,0
10315,0
11499,0
172,0
5499,0
11167,0
8845,0
3343,0
7433,0
8206,4
8711,0
11658,0
2345,1
2035,0
10129,0
10208,0
4599,0
6733,0
12713,0
6069,0
12534,5
9742,0
8267,0
11623,5
2140,0
3379,0
11994,0
3649,0
2859,3
12883,0
8691,0
3128,0
8633,0
6800,0
11339,5
5196,0
1640,0
5467,0
7868,0
7893,0
11294,0
2620,0
7835,0
5840,0
9488,4
12611,0
8375,0
653,0
10428,0
12158,0
1906,0
5030,0
10064,0
7078,0
5845,0
3520,0
11998,0
11194,5
9964,0
7105,0
2704,0
3462,0
11734,0
3103,0
1126,0
1470,1
9930,0
10188,4
4571,0
9272,0
8413,0
11824,0
2059,0
491,0
616,0
8051,0
10121,0
13240,0
7363,4
3188,0
735,0
9007,0
2986,0
2816,0
11794,0
768,0
2985,1
11857,0
11514,0
6019,0
10971,0
8233,0
5884,0
5335,0
775,0
7407,0
12832,0
12337,0
2515,0
3053,0
7945,0
463,0
11969,0
10433,0
3613,0
11079,0
389,0
6966,0
8482,0
10148,0
4149,0
4193,0
8078,0
8992,0
3452,0
1613,0
1028,0
1353,0
8002,0
10034,0
3333,0
5704,0
10326,0
9211,0
9803,0
6571,0
1147,0
1171,0
5086,0
11098,0
4635,0
9779,0
10863,0
5654,0
10335,0
7139,0
12899,0
10244,0
10248,4
7701,4
268,0
61,0
12228,0
10387,0
11719,0
5907,0
8094,0
8797,0
12107,0
7312,0
4179,1
4264,0
10769,0
7851,0
12505,0
10807,4
6318,0
10226,0
10733,0
1438,0
145,0
11307,0
8277,0
8783,0
7693,3
6634,0
13153,5
2444,0
35,0
10517,0
10467,4
9642,0
6732,3
5863,0
9252,0
11343,0
11503,0
4374,0
10257,3
10531,0
1695,0
12263,0
13031,0
8660,0
378,0
1812,0
749,0
12758,0
2047,0
4555,0
13207,5
960,0
2670,0
1768,0
12327,0
10968,0
6114,0
11136,0
1390,0
2335,0
12289,0
2329,1
12314,0
6031,0
4955,0
9774,0
12389,0
1032,0
502,4
8431,0
1961,0
12740,0
10861,0
4442,0
3153,0
9398,0
3693,0
12730,0
2652,0
1847,0
7153,0
5267,0
9368,0
1992,0
3568,0
12929,0
9544,0
37,0
5554,0
8990,0
2305,0
6476,0
7768,0
3528,0
13123,0
3220,0
2977,0
991,0
7275,0
3668,0
2567,0
5468,0
8237,0
5818,0
7542,0
5708,0
449,0
5851,0
12891,0
10803,4
3257,1
995,0
2249,0
6454,0
2837,0
2818,1
11197,0
7977,0
4465,0
5052,0
11220,0
11559,0
1122,0
6613,0
7817,0
10490,0
2151,0
5715,0
5961,0
8387,0
12422,0
248,0
9636,0
11981,0
2384,0
11690,0
6411,0
12896,0
3403,0
3095,0
6030,0
850,0
6007,0
4018,0
2717,0
11770,0
3768,0
6859,3
1882,0
10601,3
2512,0
11359,0
9101,0
11677,0
11,0
10980,0
4980,0
10066,4
11766,0
3526,0
5514,4
4760,0
5290,0
10573,4
6506,0
1039,0
512,0
4665,2
1019,0
5304,0
7122,0
3573,0
8150,0
11478,0
8882,0
2612,0
4945,0
7741,0
5875,0
3261,0
6098,2
2648,0
7200,0
4382,0
2416,0
11819,5
8997,3
9750,0
5453,0
2664,0
9279,0
1966,0
1510,0
8964,0
3534,0
2558,0
3757,0
9615,0
11634,0
7581,0
3413,1
1048,0
9033,0
10358,4
1540,0
12718,0
3995,0
4267,0
9846,0
4144,0
1628,0
3398,1
1227,0
5242,0
5341,0
4691,0
11505,0
1888,0
4168,0
12369,5
13089,0
5060,0
150,0
335,0
8508,0
12336,0
3110,0
2406,0
10765,0
2675,0
10972,0
4920,2
5838,2
2409,0
1707,0
8278,0
1722,0
10173,0
11646,0
8589,0
11442,0
9221,0
3847,0
9084,0
1802,0
9278,0
7580,0
7245,0
278,4
10316,0
1415,0
446,0
9475,0
5272,0
12715,0
7767,0
9232,0
11705,0
5046,0
11852,0
12442,0
9611,0
5447,0
980,0
7759,0
11477,5
10855,0
7327,0
2751,1
6834,0
1678,0
5124,0
8248,0
9787,0
2493,0
8689,0
6780,3
3479,0
2369,0
7449,0
2229,0
5488,0
5895,0
2835,0
3224,0
6791,3
8452,0
1262,0
5814,0
12572,0
3108,0
4395,0
11740,0
2744,0
11589,0
7472,0
5934,0
11762,0
3972,0
9861,0
4913,0
9827,4
7305,0
6855,0
6089,0
8460,0
10046,0
2453,0
11305,0
13054,0
7290,0
8382,0
2779,0
8611,0
1831,0
6685,3
4729,3
8168,0
7291,0
6948,0
1327,0
3667,0
7804,0
8540,0
1095,0
12835,0
12075,0
11802,0
5892,2
8601,0
104,0
12240,5
4036,0
6812,3
5329,0
5673,0
6769,0
6879,0
5075,0
517,0
7143,4
9655,0
7401,0
3608,0
3149,1
3519,0
11602,0
7147,0
3545,0
1494,0
6589,0
3927,0
8851,0
12863,0
9019,0
1274,0
2023,0
4702,2
5253,0
5292,0
1864,0
3138,0
1516,0
487,0
9241,0
7227,0
5904,0
396,0
4139,1
4159,0
3112,0
5291,2
2586,0
1038,0
1959,0
4218,0
658,0
6466,0
11855,0
6260,2
2219,0
2397,0
5550,0
5283,0
10851,0
1363,0
166,0
11519,0
830,0
6515,0
7627,0
8965,0
7377,0
5703,0
5511,0
2700,0
12746,0
3042,0
5114,2
6770,0
8416,0
9920,0
7514,0
5650,0
11347,0
356,0
12316,0
10854,0
6803,1
9590,4
8037,0
1369,0
5065,4
1431,0
11914,0
4088,0
4273,0
5445,0
9045,0
5722,0
510,0
1372,0
1524,0
6753,0
5143,0
7663,0
8371,0
3882,1
4521,0
1408,0
11975,5
5567,0
8842,4
9133,4
10785,0
8754,0
9599,4
2099,0
11206,0
2326,0
895,0
11887,0
4982,2
5711,0
3363,0
1243,0
3016,0
9624,0
12589,0
1291,0
2027,0
9937,0
10878,0
5131,0
4596,2
3169,0
10217,4
8916,0
6692,0
1425,0
7196,0
7317,0
2424,0
7836,0
10198,0
9996,3
12061,5
13226,0
12011,0
6505,4
13214,0
8980,0
12480,0
9405,0
2331,0
13176,0
4040,0
9600,0
12699,0
1076,0
9967,0
10091,0
11878,0
12999,0
797,0
6338,0
1790,0
10620,0
11173,0
11837,0
13126,0
7022,0
6665,0
8417,0
1184,0
2552,0
2583,0
2096,0
559,0
12460,0
5178,0
5876,0
2044,0
5127,0
6778,0
7718,0
5064,0
11050,0
5405,0
12833,0
8620,0
6117,0
10498,4
11907,0
11268,5
5351,2
11688,0
8155,0
13033,0
12870,0
10889,0
7076,0
1300,0
6496,0
5142,0
3746,0
3585,0
5136,0
10943,0
7238,0
13088,0
2563,0
183,0
3988,0
8576,0
11257,0
1056,0
10698,0
11053,5
11649,0
8484,0
74,0
10933,4
992,0
6549,0
1528,0
4832,0
6395,0
2649,0
2184,0
7761,0
6905,0
8079,0
11370,0
9911,0
2573,1
2089,0
7633,0
1426,0
6874,0
1957,0
7182,0
8308,0
9807,0
11256,0
12031,0
10018,4
11814,0
4874,0
847,0
8537,0
902,0
2951,0
8535,3
1632,0
1638,0
12952,0
11407,0
8694,3
6352,0
2853,0
5457,0
7180,0
6961,3
2108,0
1731,4
5955,0
4,0
9056,0
9313,0
2672,1
6469,0
9276,0
6519,2
4300,0
10659,0
10784,4
4859,0
3081,0
11007,1
7847,0
10496,4
8361,0
10990,0
7757,0
10070,4
7827,3
11021,0
4642,0
6605,0
3700,0
6443,0
152,0
9428,0
5477,0
5133,0
10278,0
3590,0
11346,0
9533,0
10750,0
4256,1
5115,0
8819,0
2910,0
9098,0
10367,0
10008,4
3328,0
9029,0
4511,2
11833,0
4900,2
12299,0
12255,0
12996,0
12439,0
4046,1
2739,0
7000,3
1782,0
1015,0
877,0
5464,0
12841,0
5678,0
1981,0
5151,2
1663,0
3897,0
11170,0
12937,0
2897,0
4781,0
3167,0
4171,1
1715,0
1911,0
8775,0
13003,0
12279,5
11988,0
1899,0
4535,0
13189,0
6343,2
5012,0
11640,5
10719,0
7898,3
4780,0
4156,0
12786,0
10704,4
7161,0
1919,0
9425,0
6642,0
6526,0
5537,0
1750,0
3924,0
3754,0
9850,0
1843,0
2879,0
9994,0
52,0
9815,0
8887,3
10025,4
6059,0
1188,0
7800,0
3827,0
663,0
7528,0
8477,0
4592,0
11215,0
6668,0
11144,0
4401,0
3082,0
5407,0
6255,2
4709,0
1203,0
1733,0
191,0
7410,3
4310,0
6680,3
4220,0
8261,0
3291,0
3974,0
3846,0
8256,3
3278,0
10446,0
7044,4
8752,0
7543,0
3895,0
1482,0
13170,0
4552,0
9993,4
3171,0
7839,0
4336,0
3313,0
4003,0
5512,0
1391,0
1127,0
4983,0
12769,0
8218,0
7243,0
1014,0
6174,0
10457,4
11432,0
122,0
10562,0
4246,0
7704,0
7057,0
2518,0
12904,5
2864,1
9740,0
2161,0
11065,0
10461,0
6560,0
2470,0
7152,0
7941,0
5008,0
10390,4
1704,0
4359,0
9190,0
2217,0
2715,1
1585,0
5074,0
4319,0
10048,4
2741,1
4807,0
11030,0
5414,2
5132,0
2415,0
7852,0
1308,0
2801,0
3647,0
10549,4
11284,0
10690,0
4014,0
4651,0
10145,0
1941,0
10874,4
794,0
11271,0
2110,0
10726,0
12519,0
10922,0
7814,0
7183,0
2403,0
7097,0
7439,0
13060,0
12791,0
6064,0
3624,0
2643,0
8824,0
6271,0
1479,0
4688,0
6367,0
10214,0
7065,0
7045,0
11622,0
8996,0
7592,0
12622,0
2338,1
388,0
2521,0
6844,0
1769,0
8596,3
6539,0
612,0
8203,0
8043,0
2974,0
6878,0
8169,0
10887,0
12009,0
6337,0
9187,0
12098,0
708,0
3616,0
7729,3
3983,0
1545,0
8581,0
8959,0
12060,0
3160,0
10510,0
3287,1
3213,0
2127,0
8716,0
4752,0
2206,0
11609,0
8087,0
10489,0
12970,0
709,0
13065,0
2983,0
7414,0
9537,0
10974,0
3069,0
2083,0
11870,5
9362,0
1277,0
7320,3
11094,0
9054,0
4197,0
5797,0
2543,0
1799,0
12461,0
12315,0
10175,4
2887,0
3107,0
11174,0
12335,0
8969,4
3850,0
200,0
1348,0
10058,0
1953,0
6292,2
12370,5
9151,0
2111,0
3887,0
4821,0
9298,0
4067,0
699,0
3151,0
8265,3
10338,0
7655,0
1279,0
7632,0
7501,0
12553,0
12344,0
12463,0
12152,0
5588,0
13135,5
10612,0
7865,0
7102,0
1416,0
4602,0
10900,0
11184,0
4839,0
8291,0
7491,0
1350,4
9102,0
2410,0
12036,0
2748,0
5040,0
11728,0
4291,0
7270,0
6001,0
9985,0
7947,0
6445,0
8954,0
1878,0
2999,0
267,0
2371,1
9630,0
5750,0
4119,0
12632,5
9281,0
3857,0
2848,0
7471,0
3950,0
496,0
515,0
2243,0
10131,0
10716,0
11352,0
8976,0
4207,0
6085,0
7126,0
127,0
379,0
3451,0
4473,0
4128,0
11619,0
5271,0
8067,0
1759,0
6013,0
9999,0
4370,0
4281,0
8383,0
2578,0
3781,1
5640,0
1046,0
10928,0
5423,0
7158,0
246,0
7179,0
3360,1
7654,0
4558,0
7301,0
1824,0
2639,1
1649,0
11607,0
6103,0
10313,0
5571,0
896,0
878,0
10927,0
9284,0
9208,0
2067,0
8652,0
4368,0
8139,0
3653,0
11185,0
12857,0
11941,0
9724,0
9465,0
12586,0
2690,0
12057,0
7443,3
3247,0
4352,0
4805,0
1097,0
5248,0
7550,0
9431,0
6436,0
6226,0
114,0
11304,0
1849,0
7335,0
165,0
5338,0
12204,5
6619,0
8947,0
2839,0
9518,0
7818,0
11712,0
7014,0
11315,0
1660,0
2490,0
696,0
7127,0
1687,0
10294,0
1840,0
1943,0
4175,0
6625,0
1815,0
3417,1
4757,0
9463,4
9108,0
3547,0
9299,4
12675,0
3838,0
10703,0
7404,0
3455,0
4211,0
5757,0
1634,0
5417,0
7466,0
4849,0
11205,0
10021,4
8204,0
10442,0
12750,0
6317,0
3139,0
6724,0
11147,0
304,0
189,0
890,0
7604,0
2315,0
1595,0
509,0
12297,0
5906,0
3457,0
2061,0
1522,0
8925,0
4397,0
11283,0
12088,0
6108,2
2485,0
7561,0
7986,0
4192,0
2090,0
5793,0
8127,0
7154,0
2794,0
12178,5
8463,0
6980,0
7052,0
8972,0
6849,0
12429,0
9280,0
13014,0
6988,0
822,0
9339,0
8777,0
685,0
234,0
9062,0
5743,2
4035,0
9693,0
8753,0
9798,4
12430,5
6374,0
12290,0
12441,0
1988,0
11455,0
9540,4
4766,0
3979,0
12845,0
2336,0
10247,0
2484,0
10820,0
9287,0
1148,0
1969,0
8698,0
5668,0
2893,0
6045,0
8573,0
5780,3
7600,0
12503,0
5937,0
7294,0
13192,0
5645,0
1853,0
8941,0
11722,0
860,0
1154,0
161,0
1455,0
3818,0
8164,0
954,0
2780,0
1688,0
5076,0
10925,0
3275,0
11266,0
4873,0
11679,0
13242,0
1565,0
2014,0
11548,0
4598,0
4525,0
82,0
1625,0
2421,3
10605,0
6206,0
880,0
4026,0
3795,0
11026,4
2805,0
9984,4
10191,0
9391,1
3288,0
1875,0
12477,0
7606,0
10912,4
3901,0
5129,0
10545,0
10017,4
89,1
12268,5
9145,0
9383,0
5264,0
7999,0
12317,0
11567,0
9512,0
1328,0
11700,0
7665,0
11692,0
1600,0
5652,0
6015,0
7913,0
5218,0
4790,0
4703,0
5795,0
13024,0
1757,0
2337,0
7066,0
5029,0
11460,5
4081,1
12981,0
7222,0
8627,0
7959,0
1729,0
11593,0
8559,0
4943,0
13204,0
5854,2
2454,0
7266,0
8893,4
5416,0
10491,0
10520,0
10393,0
2118,0
257,0
4125,0
11429,5
2593,0
8561,0
4391,0
4723,0
4277,0
853,0
4864,0
12729,0
7666,0
5274,0
6696,0
4376,0
7168,0
283,0
3696,0
11952,0
2376,0
10926,0
8455,0
1069,0
1172,0
8038,3
8798,0
7726,0
11701,0
3100,0
9631,0
7278,0
6336,0
10777,0
4636,2
7885,0
6381,0
3910,0
12846,0
11024,0
12143,0
2308,0
3775,0
3231,1
7923,0
1588,0
1142,0
6178,0
11462,0
42,0
12223,3
8557,0
3560,0
5110,0
5383,0
9416,3
4210,0
11120,0
6428,0
12156,0
1735,0
3330,1
537,0
7517,0
11930,0
4831,0
3822,3
12701,0
2236,0
10277,0
2041,0
9804,0
13188,0
5164,0
656,0
501,0
2628,0
7310,0
1396,0
11786,0
3385,0
9848,0
2933,0
4940,0
11549,0
7026,0
1260,0
1377,0
11482,0
3444,0
9652,0
8497,0
418,0
9121,0
6888,3
8372,0
5217,0
1383,0
7473,0
3886,0
7025,0
8563,0
2581,1
8249,0
3170,0
1534,0
7830,0
1788,0
4666,2
6241,0
671,0
5134,0
10165,0
12827,5
13057,0
12509,0
6116,0
2514,0
5220,0
12149,0
6837,0
8441,0
7321,0
11321,0
11337,0
5347,0
4625,0
2169,0
5359,0
4455,0
3861,0
4085,0
7727,0
2680,0
4388,0
6592,0
4486,0
12838,0
10550,0
2997,1
1686,0
6703,0
8670,0
972,0
2363,0
2728,0
3879,0
6473,0
4662,0
11454,0
7656,0
4619,0
3670,0
9263,3
3714,0
5372,0
11544,5
698,0
369,0
5726,0
11504,0
12162,0
7829,4
4471,0
2922,1
12238,0
6710,0
10300,0
2450,0
9859,0
2120,0
3178,0
345,0
8044,0
2990,0
11592,0
6573,0
1643,0
6802,0
8975,3
5303,2
3340,0
2569,0
6039,2
12737,0
11151,0
12694,5
606,0
3707,0
4198,0
12731,0
12610,0
12637,0
4152,1
12819,0
9658,0
3515,0
7083,0
9477,0
1174,0
10478,0
4162,0
10448,0
11550,0
7861,0
10629,4
7976,0
3060,0
7985,0
6870,4
12379,0
9184,0
4487,0
3611,0
9458,4
770,0
10595,0
8023,0
4929,0
1265,0
1458,0
1180,0
10483,0
956,0
1520,0
6839,0
1088,0
2827,0
4082,1
11414,0
8184,0
12796,0
5225,0
3828,0
11605,0
5748,0
3173,0
4380,0
3722,0
4585,0
5318,0
7506,0
2467,0
10308,0
10020,0
5742,0
2343,0
10521,4
11331,1
5037,0
1933,4
2248,0
10514,4
648,0
448,0
12539,0
2344,0
5069,0
10557,4
9554,0
12894,0
2366,0
12757,0
10919,4
12901,0
4556,0
784,0
3229,0
443,0
4990,0
3055,0
13155,0
11267,0
975,0
11797,0
3460,0
8598,0
11832,0
5796,0
2733,0
9212,0
12424,0
7583,0
1371,0
3876,0
1495,0
3135,0
1794,0
5449,0
12399,0
1980,0
498,0
935,0
563,0
7895,0
8631,0
1082,0
12498,5
5360,0
13187,0
6138,0
11738,0
6748,0
2549,0
11111,0
9908,0
8029,0
1998,0
5530,0
7525,0
10680,4
9580,0
488,0
9633,0
4075,0
1860,0
4332,0
9217,0
11894,0
11644,0
1166,0
3948,0
6196,0
1329,0
4604,0
9909,0
2088,0
1373,0
9511,4
3967,0
5583,2
10983,0
5789,0
7231,0
3027,0
4414,0
4868,0
12305,0
7478,3
7028,0
6876,0
12774,0
9662,3
5810,0
10625,0
103,0
8080,0
1642,0
11485,0
9514,0
12854,0
12038,0
10870,4
934,0
6160,0
6896,0
9188,0
688,0
1927,0
7660,0
3297,0
4261,0
10843,0
1668,0
13246,0
146,0
4641,0
2706,0
313,0
5058,0
690,0
9148,0
12131,0
10180,0
6610,1
12380,0
5260,0
12950,0
9202,0
4799,0
2668,0
5552,2
4029,0
5394,2
7379,0
5646,0
2831,0
10297,0
9015,3
10951,0
7614,0
12871,0
9209,4
8522,0
1579,4
4870,0
10289,0
9297,4
11873,0
6728,0
4798,2
8246,0
1529,0
5312,0
779,0
6170,0
2165,0
8017,0
373,0
3875,0
1098,0
12470,0
8874,0
3315,0
4944,0
4302,0
7318,0
9721,0
6833,0
7915,0
7148,3
434,0
1614,0
4730,0
6386,0
6701,0
8986,0
13190,0
2323,0
805,0
10416,0
7547,0
8774,0
7687,0
7981,0
5355,0
11138,0
7594,3
9418,0
1636,0
1024,0
7529,0
5867,0
2627,0
3197,0
4802,0
12714,0
5764,0
5819,0
7615,3
9450,0
852,0
11296,0
10056,0
739,0
961,0
3792,0
1618,0
5689,0
8686,0
10242,0
7612,0
8717,0
5610,2
5317,0
7314,0
12625,0
5767,0
11727,0
4594,0
9657,0
5148,0
7159,3
2867,0
3251,0
7901,0
7483,0
6688,0
9308,0
918,0
1253,0
5135,0
7703,0
7207,0
10713,0
11058,0
6169,0
3631,0
3964,0
11839,0
8223,0
9610,4
11318,0
7203,0
12760,0
13195,0
2395,0
11860,1
5839,0
12865,0
7801,0
8445,0
6794,0
1275,0
10419,0
11916,0
6447,0
12782,0
823,0
11388,0
11044,3
6815,0
3458,0
1538,0
10806,0
12988,0
3362,0
7562,0
253,0
12259,0
10401,0
1201,0
4454,0
2002,0
11859,0
11708,0
7190,0
9496,0
9573,4
12271,0
8977,3
12641,0
6377,0
9865,0
10952,0
5205,0
13091,0
340,0
229,0
9584,0
6063,0
21,0
1209,0
7595,0
633,0
7776,0
1191,0
885,0
5735,0
12312,0
225,0
7549,0
1440,0
10527,4
3217,0
2224,0
11132,0
8207,0
9330,0
108,0
673,0
10555,3
5045,0
4544,0
9265,0
871,0
6150,2
3874,0
9825,4
13235,0
12569,5
11437,5
3650,0
110,0
3243,1
8999,0
8902,0
10773,0
5504,0
1042,0
12130,0
1816,0
3122,0
26,0
10616,0
4265,0
9470,0
3805,0
8238,0
11685,5
6081,0
180,0
5661,0
1484,0
12878,0
5564,0
9057,0
2766,0
11524,0
1670,0
2927,0
10259,0
12150,0
12041,0
8421,0
5161,0
1946,4
3441,0
13048,0
12657,0
7486,0
10696,0
1450,0
9047,4
6183,2
3580,0
10234,0
8857,0
835,0
3377,1
3256,0
10671,0
7628,3
9547,0
908,0
2536,0
7642,0
5093,0
521,0
6543,0
13009,0
2405,0
4489,0
9009,0
5916,0
5990,0
3731,0
6134,0
3332,1
3052,0
8804,0
7535,3
11902,0
2353,0
3844,0
10270,4
6464,0
10204,0
8365,0
7255,0
11625,0
11040,0
6026,0
4609,0
10417,3
7211,0
2084,0
11906,0
4492,0
11896,0
1474,0
10700,0
9345,0
9285,0
6056,0
2789,0
868,0
13094,0
9060,0
10322,0
6639,0
7548,0
470,0
1496,0
5432,0
6959,0
3914,0
9124,0
4463,0
7619,0
5657,0
12562,0
8161,3
1635,0
8679,0
2463,0
7361,3
1478,0
689,0
7586,0
4957,0
5594,0
6463,0
2722,0
2372,0
2597,0
9788,0
12991,0
11523,0
6861,0
12063,0
8995,0
8639,3
8638,0
6142,0
955,0
11613,0
10969,0
8031,0
7061,0
7031,0
3654,0
12005,0
5741,0
12924,1
5656,0
2743,0
761,0
10712,0
11363,0
8111,0
11116,5
2193,0
10459,0
1535,0
6906,3
3606,0
130,0
12810,1
3688,0
13177,0
4682,0
1993,0
4746,0
8176,0
8327,0
9452,4
2975,0
1904,0
9128,3
3091,0
5515,0
3896,0
475,0
1539,0
8003,0
2239,1
11989,0
2800,0
11348,0
3694,0
10404,0
11954,0
11100,0
7239,0
5964,0
3681,0
5392,0
12328,0
5727,0
2091,0
12979,0
6022,2
11674,0
2832,0
2795,0
6838,3
7487,0
12500,5
703,0
7005,0
5471,0
12402,0
12356,0
4015,0
7649,0
11479,0
8586,0
11909,0
4377,0
12157,0
2854,0
11131,0
894,0
12085,0
7943,0
12320,0
4505,0
3299,0
646,0
4622,0
3350,0
3569,1
11698,0
1989,0
1497,0
920,0
8605,1
2589,0
5777,0
6510,2
12247,0
7715,0
4895,0
2204,0
7523,3
476,0
5968,0
6356,0
10930,0
4010,0
5332,0
7516,0
5440,0
9629,3
1841,0
1965,0
1571,0
12646,0
2773,0
1889,0
11494,0
7689,0
1167,0
2819,0
2469,0
4019,0
2803,0
10795,0
11763,0
4908,0
7611,0
5900,0
8457,0
12905,0
9864,0
12866,0
11531,0
11576,0
5406,0
8803,4
11178,0
11218,0
12752,0
4126,0
